id,type,name
4735,label,레인보우브릿지에이전시
4734,label,주식회사 스톰이앤에프
4733,label,가족액터스
4732,label,튠테이블 무브먼트
4731,label,오렌지엔터테인먼트
4730,label,킹콩엔터테인먼트
4729,label,캐슬제이엔터프라이즈
4728,label,북극곰 사운드
4727,label,스탠다트
4726,label,제이비엔컴퍼니
4725,label,더블유엠컴퍼니
4724,label,태원 엔터테인먼트
4723,label,도프 엔터테인먼트
4722,label,피브로사운드
4721,label,아리오라 재팬
4720,label,나무엑터스
4719,label,록스타뮤직앤라이브
4718,label,스페셜 엔터테인먼트
4717,label,거성엔터테인먼트
4716,label,나사렛대학교
4715,label,트라이펙타 엔터테인먼트
4714,label,Mnet
4713,label,PF엔터테인먼트
4712,label,위닝인사이트
4711,label,GYM 엔터테인먼트
4710,label,트리퍼 사운드
4709,label,스타킴 엔터테인먼트
4708,label,티엔 엔터테인먼트
4707,label,일렉트릭 뮤즈
4706,label,매니지먼트 구
4705,label,카이로스엔터프라이즈
4704,label,윌 엔터테인먼트
4703,label,저스트뮤직
4702,label,코엔티엔
4701,label,힘 엔터테인먼트
4700,label,웰메이드 예당
4699,label,부다 사운드
4698,label,레젤이엔엠코리아
4697,label,드림 팩토리
4696,label,티 엔터테인먼트
4695,label,데이즈 얼라이브 뮤직
4694,label,어치브그룹디엔
4693,label,라이온미디어
4692,label,스타이스트 엔터테인먼트
4691,label,쇼파르 뮤직
4690,label,사운드홀릭
4689,label,떼아뜨로
4688,label,에코브리드
4687,label,예당컴퍼니
4686,label,디컴퍼니
4685,label,비트볼 뮤직
4684,label,에버모어뮤직
4683,label,더블엠 엔터테인먼트
4682,label,블루프린트 뮤직
4681,label,카바레 사운드
4680,label,스타케이 엔터테인먼트
4679,label,러브락컴퍼니
4678,label,YGEX
4677,label,프로페셔널엔터테인먼트
4676,label,전국대학생대표자협의회
4675,label,한국대학총학생회연합
4674,label,GMC 레코드
4673,label,SM C&C
4672,label,원오원 엔터테인먼트
4671,label,다날
4670,label,사회적 기업
4669,label,들소리
4668,label,유니버설 뮤직 그룹
4667,label,지앤지프로덕션
4666,label,루비살롱 레코드
4665,label,폴라리스 엔터테인먼트
4664,label,뮤직큐브
4663,label,마스터플랜
4662,label,쥬신 프로덕션
4661,label,매직스트로베리 사운드
4660,label,단국대학교
4659,label,드림티 엔터테인먼트
4658,label,"Seoul Broadcasting System SBS Media Holdings, Ltd. 1"
4657,label,"SBS Media Holdings, Ltd."
4656,label,Next Entertainment World
4655,label,National Pension Service
4654,label,SK그룹
4653,label,Affinity Equity Partners
4652,label,SK Telecom
4651,label,YGKPlus
4650,label,SkyLife
4649,label,BC Card
4648,label,KTDS
4647,label,Sidus Pictures
4646,label,TVN (Corea del Sur)
4645,label,OnGameNet
4644,label,CJ Group
4643,label,Prain Global
4642,label,Just Music Entertainment
4641,label,Seo Taiji Company
4640,label,Best Flow
4639,label,Good Entertainment
4638,label,AI Entertainment
4637,label,Avex Group
4636,label,Soribada
4635,label,Mystic89
4634,label,CJ E&M Film Division
4633,label,Happy Face Entertainment
4632,label,J. Tune Entertainment
4631,label,Music&NEW
4630,label,School Boy Records
4629,label,SidusHQ
4628,label,Keyeast Entertainment
4627,label,Open World Entertainment
4626,label,Music Farm
4625,label,Music Zoo
4624,label,TOP Media
4623,label,Starship X
4622,label,제이튠 엔터테인먼트
4621,label,Music K Entertainment
4620,label,Jazzistik
4619,label,Core Contents Media
4618,label,CJ MediaLine
4617,label,WOOLLIM Entertainment
4616,label,C-JeS Entertainment
4615,label,Fallen-Angels Productions
4614,label,Big Hit Entertainment
4613,label,VITAMIN
4612,label,Baljunso Entertainment
4611,label,Star Empire Entertainment
4610,label,TS Entertainment
4609,label,AVA Films & Entertainment
4608,label,Playcube Inc.
4607,label,Avent
4606,label,Universal Music Korea
4605,label,코코엔터테인먼트
4604,label,Happy Robot Records
4603,label,MBK Entertainment
4602,label,Dream Factory
4601,label,WM Entertainment
4600,label,Amoeba Culture
4599,label,S.M. Culture & Contents
4598,label,Toymusic
4597,label,M2U
4596,label,Stomp Music
4595,label,FNC Entertainment
4594,label,DSP Enti
4593,label,"S.M. Entertainment Co., Ltd."
4592,label,SAMSUNG MUSIC
4591,label,CJ (기업)
4590,label,AQE
4589,label,Jungle Entertainment
4588,label,Fluxus Music
4587,label,Starship Entertainment
4586,label,Bajagi Label&Media
4585,label,A CUBE Entertainment
4584,label,Pandagram
4583,label,Neowiz Internet
4582,label,"CJ Entertainment, Inc."
4581,label,Baek Sang Entertainment
4580,label,PFull Entertainment
4579,label,Gookje Records
4578,label,Chrome Entertainment
4577,label,아바 엔터테인먼트
4576,label,Shinhwa Company
4575,label,B2M Entertainment
4574,label,Roxta Muzic & Live
4573,label,Apple of the Eye
4572,label,Seven Seasons
4571,label,LG Electronics
4570,label,Mnet Media
4569,label,namuare
4568,label,YNB Entertainment
4567,label,cavare sound
4566,label,Antenna Music
4565,label,Cantabile
4564,label,MAYS Entertainment
4563,label,S.M.Entertainment
4562,label,Chungchun Music
4561,label,K&K 엔터테인먼트
4560,label,KM culture
4559,label,Brandnew Stardom
4558,label,Jellyfish Entertainment
4557,label,CJ Music
4556,label,Illionaire Records
4555,label,LOEN Tree
4554,label,SBS Media Group
4553,label,GMC RECORDS
4552,label,LOEN Entertainment
4551,label,J. Tune Camp
4550,label,지엠콘텐츠미디어
4549,label,루오바 팩토리
4548,label,CJ E&M
4547,label,미러볼뮤직
4546,label,NEOWIZ
4545,label,붕가붕가레코드
4544,label,Stardom Entertainment
4543,label,JS엔터테인먼트
4542,label,KMP Holdings
4541,label,YG Entertainment
4540,label,JYP Entertainment
4539,label,DSP Media
4538,label,Pastel Music
4537,label,Sim Entertainment
4536,label,DSP Entertainment
4535,label,S.M. Culture & Contents Co. LTD.
4534,label,TSNcompany
4533,label,Sha Label
4532,label,Sony Music Entertainment Korea Inc.
4531,label,KOMCA
4530,label,Kiroy Company
4529,label,로지 엔터테인먼트
4528,label,SQUARE MUSIQ
4527,label,O Media Holdings
4526,label,AOMG
4525,label,컬트 엔터테인먼트
4524,label,Seoul Records
4523,label,시니즈
4522,label,HA 엔터테인먼트
4521,label,BrandNew Music
4520,label,NEGA NETWORK
4519,label,Warner Music Korea
4518,label,Cube Entertainment
4517,label,nh emg
4516,label,ShinCom Entertainment
4515,label,Sony BMG Music Entertainment Korea Inc.
4514,label,"KT Music Co., Ltd."
4513,label,SBSi
4512,label,DigitalRecord
4511,label,Music Cube
4510,label,Brave Entertainment
4509,label,YBM Seoul Records
4508,label,SBS Contents Hub
4507,label,애반레코드
4506,label,Fantagio
4505,label,산타뮤직
4504,label,BH 엔터테인먼트
4503,label,팬텀 엔터테인먼트 그룹
4502,label,Yedang Entertainment
4501,label,Pledis
4500,label,케이엠스타엔터테인먼트
4499,label,kt music
4498,label,A&G Modes
4497,label,Yejeon Media
4496,label,MMO Entertainment
4495,label,엠지비 엔터테인먼트
4494,label,필라멘트 픽쳐스
4493,label,Samsung Entertainment Group
4492,label,Pledis Entertainment
4491,label,브랜드 뉴 프로덕션
4490,label,스타페이지 엔터테인먼트
4489,label,FNC MUSIC
4488,label,HOOK ENTERTAINMENT
4487,label,WA Entertainment
4486,label,Stam
4485,label,Stone Age Records
4484,label,리플레이뮤직
4483,label,가라사대
4482,label,맵더소울
4481,label,LEESSANG COMPANY
4480,label,소울 커넥션
4479,label,Map the Soul Inc.
4478,label,케이엠 컬쳐
4477,label,Neowiz Games
4476,label,STAR PAGE Entertainment
4475,label,Soul Company
4474,label,트리니티 엔터테인먼트
4473,label,쇼타임엔터테인먼트
4472,label,퓨처 플로우
4471,label,Foundation Records
4470,label,"BT&I Travel Group, Inc."
4469,label,Sniper Sound
4468,label,케이사운드 엔터테인먼트
4467,label,바른손
4466,group,The Melody
4465,person,Arkitec
4464,group,クレンチ&ブリスタ
4463,person,Blistah
4462,person,Clench
4461,person,GOICHI
4460,person,COYASS
4459,person,K.O.S.
4458,person,Shogun
4457,person,Flowz
4456,group,Groove Assassins & DJ Raw
4455,person,DJ Raw
4454,male,Nick Gaffaney
4453,person,David Wright
4452,group,Opensouls
4451,group,Otautahi Allstars
4450,person,Isaac Aesili
4449,person,Nat Rose
4448,group,Steady&Co.
4447,male,Tetsuya Sato
4446,group,Atom on Sphere
4445,person,Makoto Sakurai
4444,person,Ikuzo Baba
4443,group,Dragon Ash
4442,male,Jung Chan Woo
4441,male,Gen Date
4440,male,Hironori Sawano
4439,male,Smokey Tetsuni
4438,female,Aiko Sugawara
4437,male,Keiichi Hiroishi
4436,male,Shinya Horaguchi
4435,male,Keiichi Nakanishi
4434,male,Toraji Shingū 
4433,group,Crazy Ken Band
4432,person,Rick Standley
4431,person,Brian Schiele
4430,person,Robert McFall
4429,person,Juvie Train
4428,person,Gan-D
4427,male,Eun Tae-soo
4426,male,Kang Seong-kyu 
4425,male,Ko Myeong-won
4424,male,Moon Chang-hwan
4423,male,Jang Seong-kyu
4422,male,Yoo Won-bin
4421,female,Kim Na-jeong
4420,female,Jeon Cho-rong
4419,female,Jang Ha-yeon
4418,female,Kim Hyeon-myeong
4417,female,Lim Da-hyeon
4416,female,Kim Na-rae
4415,female,Park Seo-hee
4414,person,Kusano Yuka
4413,male,Lee Jong-seong
4412,male,Lee Sang-yong
4411,male,Kim Ki-hyun
4410,male,Kim Min-seok
4409,male,Kwon Su-hyeon
4408,male,Cho Se-hee
4407,male,Kang Min-hoon
4406,male,Ye Eun-su
4405,group,Moca
4404,group,Latin Rascals
4403,group,New Vision
4402,male,Albert Cabrera
4401,group,Supreme Ramos and the Sunset Regime
4400,group,Ramos & Sunset Regime
4399,male,Rick Harris
4398,male,Sang Woo
4397,male,Yu Jin
4396,male,Soul J
4395,male,Jung Kyun
4394,male,Seung-Hyun
4393,male,Kim Min Sung
4392,male,Kim Chan Min
4391,male,Yoo Seok-Ho
4390,male,Woo Il
4389,male,Noah
4388,male,Marine
4387,male,Tae Kyung
4386,male,Hwang Seong Hwan
4385,male,Cho Hyeon Sang
4384,male,Len
4383,male,Hyun Lee
4382,male,Oh Byung-Jin
4381,male,Son Il-Kwon
4380,female,Akiko Wada
4379,male,Jack the Knife
4378,male,Roy 
4377,male,Eddie Tarantula
4376,male,Tiger 
4375,female,Velvet Geena
4374,male,Kim Young-Woo
4373,male,Song Woo-Jin
4372,male,Ho-jin In
4371,male,Lee Ki-wook
4370,male,Yoo-Joon-seong
4369,male,BUGSY
4368,male,Yoshikuni Dōchin
4367,group,CHEMISTRY×Crystal Kay
4366,group,Crystal Kay×CHEMISTRY
4365,group,CHEMISTRY
4364,female,TRINITY
4363,female,Miso
4362,female,Dahee
4361,female,ZINNI
4360,female,Park Jiyeon
4359,male,Kim Sung-su
4358,person,Zebedee
4357,group,J.D.S.
4356,male,Darren Zebedee
4355,person,tax
4354,person,Blaise Plant
4353,person,blanc.
4352,group,CHEMISTRY SUPPORTED BY MONKEY MAJIK
4351,group,Monkey Majik + 吉田兄弟
4350,group,Monkey Majik + SEAMO
4349,group,Monkey Majik
4348,male,Jo Hyun-chan
4347,male,Ho-il Jang
4346,person,Tommy Vaega
4345,group,Creek Kids
4344,group,Hamofide
4343,person,USOuljah
4342,person,Song Jieun
4341,female,Kim Jiae
4340,female,Kim Nari
4339,female,Yoon Yejin
4338,person,Park Jin Joo
4337,male,Park Ga-Ram
4336,male,Kim Jae-Heung
4335,male,Kim Hyun-Woo
4334,male,Kim Tae-Hyun
4333,person,명단영
4332,male,LeeU
4331,male,Yejun
4330,male,Kan
4329,male,Raehyun
4328,male,Daegun
4327,male,Jinon
4326,female,Jung Min
4325,female,Yeong Joo
4324,female,Hwi Eun
4323,female,Nami
4322,female,Jang Shin-young
4321,person,홍지민
4320,person,김재석
4319,person,Sugar Flow
4318,female,Lulu
4317,female,"An, Yoo-Jin"
4316,male,E-Gu
4315,male,The One
4314,female,Kang Ji-yeon
4313,female,Kim Hyeon-jeong
4312,female,Do Ha-rin
4311,female,Lee Si-yoo
4310,male,J.G
4309,male,"Han, Young-Jun"
4308,group,The Nodding Folk
4307,group,Throbbing Gristle
4306,group,Soisong
4305,group,Coil
4304,group,Psychic TV
4303,male,Peter Christopherson
4302,person,장선재
4301,person,이고은
4300,person,김나하비
4299,person,임민호
4298,person,김양파
4297,female,YeYe
4296,female,SUN
4295,female,P.B.
4294,female,J.L.
4293,female,A.G.
4292,group,RIP SLYME
4291,male,Ryo-Z
4290,female,Son Jung Ae
4289,female,Lee Yoon Ji
4288,female,Yoon Hye Won
4287,female,Kim So Lee
4286,female,Baek So Young
4285,female,Park Se Mi
4284,female,Lee Jia
4283,group,Krypteria
4282,male,Chris
4281,male,Hwi-chan
4280,male,Tae-hwa
4279,male,Lio
4278,person,박정준
4277,person,유나
4276,person,유수진
4275,person,Inge Beckmann
4274,person,Owsey
4273,group,Jang Kiha and The Faces
4272,group,Peach Present
4271,female,Lee Da Hee
4270,female,Jo YeoYun
4269,female,Lee Ji-hoon
4268,female,Kim Yong Won
4267,group,Tachyon
4266,male,Chae Je Min
4265,male,Seo Jae Hyuck
4264,person,김부용
4263,male,Koh Beom-jun
4262,person,Nuksubshanee
4261,male,Cheon Gi
4260,male,Son Dong Wook
4259,male,Jeon Ho Jin
4258,male,Hae Rang
4257,group,Banana Girl
4256,male,SimZ
4255,male,Ki-Bum
4254,male,Hullang
4253,group,SOUL'd OUT
4252,person,Diggy-MO'
4251,person,Yeslow
4250,person,김정현
4249,group,라이머 & N-Son
4248,group,정원영 밴드
4247,person,BOY-KEN
4246,person,Black Bottom Brass Band
4245,person,"Wang, Yue Xin"
4244,person,"Zhang, Yuan"
4243,male,Chen Chusheng
4242,male,Allen Su
4241,person,"Guo, Biao"
4240,person,Reno Wang
4239,male,Yu Haoming
4238,person,Yao Zheng
4237,person,Jeffrey Gu
4236,person,Lu Hu
4235,female,Hwang Hyun-Jin
4234,female,Seyeon
4233,female,Jiyoung
4232,female,Taeyeon
4231,female,Jinah
4230,female,Miso
4229,female,Jinhee
4228,female,Minjae
4227,female,Jungbin
4226,female,Ari
4225,female,Jisoo
4224,person,Seong-shik Park
4223,person,Ki-ho Jang
4222,person,Jae-ha Yoo
4221,person,Tae-kwan Jeon
4220,male,Jong-jin Kim
4219,male,Young Hyo
4218,male,Pako
4217,male,Jisuk Ahn
4216,male,Soro Sori
4215,person,이진주
4214,person,이원영
4213,person,김수진
4212,person,송은화
4211,male,Lee Hyeon-Jae
4210,male,Jeong Joon-Il
4209,male,Lim Heon-Il
4208,person,Woojoon Choi
4207,person,Eunkyu So
4206,person,노승환
4205,person,이주리
4204,person,김준현
4203,male,문준원
4202,person,박선호
4201,person,정기열
4200,person,매슬로
4199,person,Csp
4198,person,노우진
4197,male,박성광
4196,person,정태호
4195,person,카오스
4194,person,고범준
4193,person,최문주
4192,person,JACE
4191,person,겨자맛딸기
4190,person,레이디스
4189,person,김영훈
4188,person,김진우
4187,person,황성진
4186,person,이근수
4185,person,유심초
4184,person,박완규
4183,person,피플크루
4182,group,라 벤타나
4181,person,Catch the goblin SE
4180,person,김석민
4179,group,스타리-아이드
4178,person,데빈 리
4177,person,쌩
4176,person,김세황
4175,female,강세정
4174,person,강청광
4173,person,카밀라
4172,person,우일
4171,person,호현주
4170,person,레이시오스
4169,group,두 번째 달
4168,group,디엔티
4167,person,김재원
4166,person,쟈크
4165,person,옥희
4164,person,포스트맨
4163,person,윤수일
4162,person,블랙백
4161,person,서드스톤
4160,person,이부영
4159,person,전상환
4158,person,홍지혜
4157,person,비행기
4156,person,마리서사
4155,person,정희철
4154,person,B2Y
4153,person,권인하
4152,group,Ab 에비뉴
4151,person,장혜리
4150,person,서성조
4149,person,배호
4148,person,추은열
4147,person,브랜뉴데이
4146,person,Deanna Yong Hendrickson
4145,person,보이스코
4144,person,김지연
4143,person,코발트블루
4142,person,티니
4141,person,네이키드 걸스
4140,person,김상국
4139,person,엑시즈
4138,person,이랑
4137,person,정준형
4136,person,강주희
4135,person,서영빈
4134,person,박진희
4133,group,레이티
4132,person,아이 투 아이
4131,person,안수지
4130,person,김현식
4129,person,박태진
4128,male,유영석
4127,person,최용준
4126,person,크랜필드
4125,person,이성혁
4124,group,2
4123,person,사일런트 아이
4122,group,POE
4121,person,소울다이브
4120,person,제이하트
4119,group,전국 비둘기 연합
4118,person,함춘호
4117,person,장호근
4116,person,홀로그램필름
4115,person,이하린
4114,person,박원미
4113,person,임헌일
4112,person,메이트
4111,person,김형곤
4110,group,동물원
4109,person,투지
4108,person,판타스틱드럭스토어
4107,person,주 환
4106,person,데자부
4105,person,황윤권
4104,person,유해준 밴드
4103,person,김명선
4102,person,박진섭
4101,person,홍수철
4100,person,리딤
4099,female,이연지
4098,person,칠학년일반
4097,person,주찬권
4096,person,차은비
4095,person,다운헬
4094,person,성은채
4093,person,안진우
4092,person,정희선
4091,person,은가은
4090,person,조동희
4089,person,배인순
4088,person,F-iv
4087,person,윤항기
4086,person,김용진
4085,person,더 루나이트
4084,person,DIA 다이아
4083,person,지은아
4082,person,모텟
4081,person,르 메리무스
4080,person,양수경
4079,person,꽃다지
4078,person,티미르호
4077,person,지혜란
4076,female,남미현
4075,person,고한규
4074,group,(플라워)
4073,person,장미여관
4072,person,전원석
4071,person,노 리스펙트 포 뷰티
4070,person,이진숙
4069,person,(Serengeti)
4068,person,레이니썬
4067,group,아트오브파티스
4066,person,이은미
4065,person,아침
4064,person,미스터 투
4063,person,이민규
4062,person,이지민
4061,group,스매쉬
4060,person,한진희
4059,person,정유신
4058,person,윤성호
4057,person,황혜영
4056,person,제8극장
4055,person,김우주
4054,person,백영규
4053,person,정수성
4052,person,소규모 아카시아 밴드
4051,group,고고스타
4050,person,나비효과
4049,person,우리는 속옷도 생겼고 여자도 늘었다네
4048,person,박상훈
4047,person,이태권
4046,group,미스 에스
4045,person,해피 체어
4044,person,엠씨 더 맥스 2기
4043,person,텐시러브
4042,person,고지후
4041,person,신건
4040,group,망각화
4039,person,이현욱
4038,group,디베이스
4037,person,백수정
4036,person,어떤날
4035,person,조동익
4034,person,장기호
4033,person,박혁동
4032,male,조영남
4031,person,추소영
4030,group,스크류어택
4029,person,김성혜
4028,group,문 패트롤
4027,group,스페이스 A
4026,person,김대진
4025,person,퀸비즈
4024,person,정조은
4023,person,정재경
4022,male,허준혁
4021,person,김태우
4020,person,하현우
4019,person,이수진
4018,person,박다예
4017,person,정우용
4016,person,정재환
4015,person,정민준
4014,male,배성우
4013,person,스팟라이트
4012,person,김여희
4011,person,길학미
4010,person,정기원
4009,person,박남정
4008,person,채규엽
4007,person,林炳秀
4006,person,김메이다니
4005,male,주형태
4004,group,더 넛츠
4003,person,Bella
4002,person,김태종
4001,person,H.VEN
4000,person,차승민
3999,person,박소연
3998,person,밤섬 해적단
3997,female,백윤재
3996,person,오윤혜
3995,person,太源
3994,person,이기용 (음악가)
3993,person,박경리
3992,person,김윤정
3991,person,송우진
3990,person,김예원
3989,person,문정미
3988,person,오태호
3987,person,스카웨이커스
3986,person,우승민
3985,person,김범룡
3984,person,이동희
3983,person,동양인
3982,person,양영준
3981,person,틴트
3980,person,라성진
3979,group,스윗게릴라즈
3978,male,양정모
3977,person,E2RE
3976,person,김정은
3975,person,유대연
3974,female,장은주
3973,person,가자미소년단
3972,person,Ynot?
3971,person,세또래
3970,person,TROTY
3969,person,김혜인
3968,person,블랙홀
3967,person,변진섭
3966,person,이창용
3965,female,오유미
3964,group,더 멜로디
3963,person,파블로프
3962,person,김완제
3961,person,오석준
3960,person,윤주형
3959,person,문경은
3958,person,한예진
3957,person,김영우
3956,person,김환
3955,person,이지수
3954,person,Lina Park
3953,person,조동진
3952,person,서은교
3951,person,임악희
3950,group,우쿨렐레 피크닉
3949,person,조미자
3948,person,김민교
3947,person,배유미
3946,person,김종찬
3945,person,강진
3944,person,김윤일
3943,person,이효은
3942,person,김석찬
3941,group,스토리 셀러
3940,person,S
3939,person,장석현
3938,person,우이경
3937,person,스윙클
3936,person,윤복희
3935,person,남진욱
3934,person,올드 보이
3933,person,공정환
3932,person,박학기
3931,person,이중원
3930,person,김주현
3929,person,양혜승
3928,person,임창빈
3927,person,하비 누아주
3926,person,정광채
3925,person,에어플레인
3924,person,한영애
3923,person,몽구스
3922,person,임종환
3921,female,박칼린
3920,person,이슬
3919,person,백은혜
3918,person,조형진
3917,person,박윤경
3916,group,로우다운
3915,male,이장희
3914,person,오렌지
3913,person,전인혁
3912,person,음문석
3911,person,전유리
3910,person,고복수
3909,male,김정겸
3908,person,강혜미
3907,male,서재혁
3906,male,하동균
3905,person,데이브레이크
3904,group,원티드
3903,person,서재호
3902,person,홀린
3901,person,정태춘
3900,person,데이라이트
3899,person,에이시아
3898,person,정지연
3897,person,우노
3896,male,강성민
3895,person,황진선
3894,person,장세정
3893,person,본명은 이옥례
3892,person,이해연
3891,person,김보미
3890,person,텔레파시
3889,person,정여진
3888,person,신미경
3887,group,피기돌스
3886,person,조정치
3885,person,션 리
3884,person,Elf
3883,person,김푸른
3882,person,오버액션
3881,person,김하람
3880,male,김 계훈
3879,person,고연숙
3878,person,황바울
3877,person,장다원
3876,person,이진실
3875,person,임백천
3874,person,바이바이배드맨
3873,person,이석준
3872,person,신석철
3871,person,주주클럽
3870,person,스웨덴세탁소
3869,person,Kim UZU
3868,person,도경수
3867,person,정광태
3866,person,피오
3865,person,김학규
3864,person,해리빅버튼
3863,person,선지영
3862,person,하수빈
3861,person,블랙 신드롬
3860,person,김유정
3859,person,이윤혁
3858,person,김한준
3857,person,Aile
3856,person,나희경
3855,person,임선영
3854,group,에이팝
3853,person,윤건혁
3852,person,김혜지
3851,person,믹크
3850,person,사우스 카니발
3849,group,서울패밀리
3848,person,위일청
3847,person,박세미
3846,person,박성신
3845,person,정한해
3844,male,조형곤
3843,person,배기성
3842,person,골든 팝스
3841,person,한별
3840,person,태사자
3839,person,허성욱
3838,group,디아블로
3837,person,히트
3836,person,안선하
3835,person,서영도 일렉트릭 앙상블
3834,person,신현필
3833,person,에코스틸[EchoSteaL]
3832,person,BliTz
3831,person,김남혁
3830,person,박창오
3829,person,원미연
3828,person,양혜승
3827,person,아이콘아이즈
3826,person,이현재
3825,person,이진영
3824,person,최정환
3823,person,악트
3822,male,김원준
3821,person,전윤한
3820,person,김원주
3819,person,Han Hyeon-Hui
3818,person,정세영
3817,person,GirlFrnd
3816,person,지보경
3815,group,비둘기우유
3814,person,박강성
3813,person,내 귀에 도청장치
3812,person,신승우
3811,group,키네틱 플로우
3810,person,마이앤트메리
3809,person,멜로 브리즈 Melo Breeze
3808,person,김정구
3807,person,김미령
3806,person,스피넬
3805,person,조문근
3804,person,이종현.
3803,person,박상훈
3802,person,SZ
3801,person,제이투엠
3800,person,정진우
3799,person,김명철
3798,person,네바다51
3797,group,블랙펄
3796,person,윤성례
3795,group,예리밴드
3794,person,강윤지
3793,person,유발이의 소풍
3792,person,김왕배
3791,person,정안훈
3790,person,이원재
3789,male,김승진
3788,person,임상아
3787,person,하청일
3786,person,남궁 연
3785,person,강미진
3784,person,신경녀
3783,person,이대용
3782,person,김혜원
3781,person,량현량하
3780,person,노민우
3779,person,조광민
3778,person,노민우
3777,person,베베 미뇽
3776,person,신치림
3775,person,SAGA
3774,group,비셔스글레어
3773,group,인조이트립핑
3772,person,성재
3771,person,권진원
3770,person,케이 라이더스 (K-Ryders)
3769,person,아마도 이자람 밴드
3768,person,유지나
3767,person,박은옥
3766,male,송복희
3765,person,장현
3764,group,백두산
3763,person,김도균
3762,person,김승혜
3761,person,문필연
3760,person,Special
3759,group,쎈
3758,person,최정원
3757,person,박병철
3756,person,김진유
3755,person,강혜연
3754,person,정유지
3753,person,박구윤
3752,male,朴彗成
3751,person,尹亨柱
3750,male,이성익
3749,person,박은우
3748,group,나인씬
3747,group,미지
3746,person,이상우
3745,person,김혜림
3744,person,이갑용/이창민
3743,person,전유나
3742,person,손준혁
3741,female,박성은
3740,person,조정현
3739,person,장민경
3738,person,E Sang
3737,person,데이지
3736,person,솔리드
3735,person,심현영
3734,person,딥플로우
3733,person,신동열
3732,person,예레미
3731,person,문성훈
3730,person,식스밤
3729,person,Ida Dene Simmons
3728,person,김창남
3727,person,활주로
3726,person,이터널 모닝
3725,person,오예리
3724,person,황현성
3723,group,UP
3722,male,이켠
3721,person,와이엠지에이
3720,person,김진철
3719,person,정지찬
3718,person,정원관
3717,person,윤명운
3716,person,조장혁
3715,person,컨츄리 꼬꼬 Country Kko Kko
3714,person,데빌 앤 엔젤
3713,person,장소라
3712,person,이범학
3711,person,임현식
3710,group,투포케이
3709,person,김학래
3708,person,김대철
3707,person,홍대광
3706,person,주식회사
3705,person,손지연
3704,female,한지영
3703,person,노갑성
3702,person,이성진
3701,male,천명훈
3700,person,박영철
3699,person,이소민
3698,person,이덕진
3697,person,김윤정
3696,person,코인록커보이즈
3695,person,트랜스픽션
3694,person,전호진
3693,person,김아영
3692,person,듀오플로
3691,person,정시운
3690,person,차유미
3689,person,정현전
3688,person,이현석
3687,person,더 치어스
3686,person,(Rhythm Power )
3685,person,장성재
3684,person,전귀승
3683,person,노승호
3682,person,최성우
3681,person,BGH4
3680,person,박단마
3679,male,뮤지
3678,person,송희란
3677,person,카피머신
3676,person,혁진
3675,person,타카피
3674,person,최민호
3673,person,박혜신
3672,person,서은광
3671,person,서영은
3670,person,여운
3669,person,하민우
3668,group,눈뜨고 코베인
3667,person,이정선
3666,person,허공
3665,person,최창민
3664,person,최영철
3663,person,한자와 다케시
3662,person,김지연
3661,group,치즈스테레오
3660,person,권유리
3659,person,조휴일
3658,male,김태균
3657,person,걸스토리
3656,male,姜仁遠
3655,person,가요톱텐
3654,person,강은혜
3653,person,노민혁
3652,person,무가당
3651,group,스위티
3650,person,이은주
3649,person,필름스타
3648,person,한윤성
3647,group,새드 레전드
3646,person,최창수/강문수
3645,person,주민희
3644,person,더 빨강
3643,person,최고은
3642,person,백청강
3641,person,이정석
3640,person,김미희
3639,group,페이션츠
3638,person,김소리
3637,person,백소영
3636,person,이지아
3635,group,치치
3634,person,박일준
3633,person,M4
3632,person,전대정
3631,person,박정수
3630,person,안치환
3629,group,노래를 찾는 사람들
3628,group,미선이
3627,person,카니발
3626,group,O-24
3625,person,허새롬
3624,person,Zebra
3623,person,하명지
3622,person,류세라
3621,person,악퉁
3620,person,슬릭
3619,person,Rico
3618,male,정석원
3617,person,조갑경
3616,person,최영필
3615,person,조성민
3614,person,리브하이
3613,group,엠투엠
3612,group,더크로스
3611,person,포니
3610,person,류명훈
3609,female,박재영
3608,person,이종원
3607,person,黃金童
3606,person,김원기
3605,person,뷰투
3604,male,金俊善
3603,person,신동욱
3602,group,시베리안 허스키
3601,person,스타트라인
3600,person,송민도
3599,person,송상훈
3598,group,야야
3597,person,김하늘
3596,person,우은미
3595,person,듀크
3594,person,레이디 컬렉션
3593,person,컬트
3592,person,진정연
3591,person,김형철
3590,person,더 핀
3589,person,캔디맨
3588,person,李玄
3587,person,이용
3586,person,이태은
3585,person,하택후
3584,person,연준범
3583,person,원모어찬스
3582,person,하찌와 TJ
3581,person,용감한 녀석들
3580,person,임영일
3579,person,박상우
3578,person,이광민
3577,person,이기욱
3576,person,오연경
3575,person,한나연
3574,person,김환
3573,person,오세훈
3572,person,오창훈
3571,person,다 크루
3570,person,Kim Kyeong-Tak
3569,male,허경영
3568,person,지현수
3567,person,뷰렛
3566,person,문혜원
3565,person,데일리노트
3564,person,안상수
3563,person,http://ko.dbpedia.org/resource/이재명
3562,person,Shyne
3561,group,신촌 블루스
3560,person,엄인호
3559,group,비쥬
3558,person,임선영
3557,person,김태헌
3556,person,채제민
3555,person,변승미
3554,person,마이노스 인 뉴올
3553,person,강상수
3552,person,폰부스
3551,person,Dandy Boy'Z
3550,person,윙크
3549,person,연경 앤 제이에스킹
3548,person,양재인
3547,person,쓰리쓰리
3546,person,아사모토 미카
3545,person,이상원 (가수)
3544,person,블루 스프링
3543,person,정성학
3542,person,이영준
3541,person,신효범
3540,person,문준영
3539,group,아이 더 트리 탑스
3538,person,이민욱
3537,person,Daniel Phillip Oh
3536,person,김정남 (가수)
3535,person,프렌지
3534,person,신유성
3533,person,박병건
3532,person,나제세
3531,group,야다
3530,person,제아파이브
3529,group,게토밤즈
3528,person,이미애
3527,person,펄 시스터즈
3526,person,박아영
3525,group,핑크엘리펀트
3524,person,서교그룹사운드
3523,person,김영지
3522,group,라디오 소울
3521,person,오광석
3520,person,올드피쉬
3519,person,김성필
3518,group,오로라
3517,person,최윤희
3516,person,유은성
3515,person,인호진
3514,person,이소은
3513,person,안성훈
3512,group,닥터코어 911
3511,person,송원근
3510,person,신우석
3509,person,II MC
3508,group,일 스킬즈
3507,person,김한
3506,person,플래닛 쉬버
3505,person,장재원
3504,person,노민우
3503,person,고현기
3502,person,달콤한 소금
3501,group,무브먼트(Movement)
3500,person,빛과소음)
3499,person,양승현
3498,person,가이즈
3497,person,김정남
3496,person,조하문
3495,person,임주연
3494,group,일기예보
3493,person,형돈이와 대준이
3492,person,백신혜
3491,person,홍준석
3490,group,HAM
3489,person,모노토닉
3488,person,비갠후
3487,person,김래환
3486,group,소호대
3485,person,육혜승
3484,person,이승조
3483,person,하우스룰즈
3482,person,최순강
3481,person,나무자전거
3480,person,자전거 탄 풍경
3479,person,강인봉
3478,person,종이비행기
3477,person,The C.O.M
3476,person,김범수
3475,person,박재한
3474,female,정시연
3473,person,디헤븐
3472,person,신지수
3471,person,I-13
3470,person,김환성
3469,person,김일군
3468,group,K.O.D
3467,person,이규석
3466,person,김재덕
3465,person,나해령
3464,group,《니아 》
3463,person,정재은
3462,female,김소연
3461,person,아이돌
3460,person,강승모
3459,person,주진
3458,person,박태호
3457,person,표혜미
3456,group,레드삭스
3455,person,배영선
3454,person,도건우
3453,group,소방차
3452,female,이현경
3451,person,수와진
3450,person,안상진
3449,person,임선홍
3448,person,김송규
3447,person,플레이걸
3446,person,U&Me Blue
3445,person,강소리
3444,person,김민섭
3443,person,레드 페퍼 걸스
3442,person,김길남
3441,person,현이와 덕이
3440,person,장덕
3439,person,윤병주
3438,person,에로디 LOD
3437,person,김손희
3436,person,윤주명
3435,person,김추자
3434,person,안준영
3433,person,아이커피
3432,person,김가영
3431,person,가비퀸즈
3430,person,김소리
3429,person,루디스텔로
3428,person,박수빈
3427,person,모닝
3426,person,백보람
3425,person,김정준
3424,person,See U
3423,person,김종범
3422,person,이태영
3421,person,에이템포
3420,group,해바라기
3419,person,李柱浩
3418,person,정경아
3417,person,앰프
3416,person,임재욱
3415,person,와우
3414,person,정은선
3413,person,정재환
3412,person,장범준
3411,person,이경은
3410,male,손인호 (가수)
3409,person,김병건
3408,person,BGH to
3407,person,장준기
3406,person,윤덕원
3405,person,술탄 오브 더 디스코
3404,person,아스코
3403,person,조성진
3402,person,크림슈
3401,group,BoM
3400,person,맹세창
3399,person,뱅크
3398,person,유준성
3397,group,써클
3396,person,나비잠
3395,person,윙스
3394,male,임형주
3393,person,金成旭
3392,group,불나방스타쏘세지클럽
3391,group,지존
3390,person,허미영
3389,person,박정화
3388,person,파파스
3387,person,육철민
3386,person,차영훈
3385,person,H.I.M
3384,person,김영훈
3383,person,이은정
3382,group,Eco
3381,person,염현수
3380,person,신윤조
3379,person,이유영
3378,person,송주희
3377,person,성인규
3376,person,김도현
3375,group,조국과 청춘
3374,group,노이지
3373,person,더 링크
3372,person,임수정
3371,person,서은영
3370,person,김해일
3369,person,알트리퍼
3368,group,에이프릴키스
3367,person,조영민
3366,person,박성식
3365,person,쟈크와 래미
3364,person,래미
3363,person,잼
3362,person,코코
3361,female,윤현숙
3360,group,들국화
3359,person,조덕환
3358,person,백자
3357,person,우리나라
3356,person,오하늘
3355,person,판도라
3354,person,지키리
3353,person,비비안
3352,person,이혜빈
3351,person,양윤정
3350,group,무한궤도
3349,person,비트겐슈타인
3348,person,NODANCE
3347,person,루싸이트 토끼
3346,person,고은희
3345,person,박장근
3344,person,김세헌
3343,person,고진오
3342,person,하지은
3341,person,에이스타일
3340,person,임한별
3339,male,최성수
3338,group,반하자
3337,group,쟈니로얄
3336,group,스트라이커스
3335,person,레이지본
3334,person,가디스
3333,person,룰라 맨
3332,person,고영욱
3331,person,박정운
3330,person,강경휘
3329,person,빔아이즈빔
3328,person,허솔지
3327,person,박재정
3326,group,秀Pearls
3325,person,Killing Time
3324,person,유근배
3323,person,작품하나
3322,person,프리즈
3321,person,레인보우 픽시
3320,group,투야
3319,female,김지혜
3318,person,金井秀
3317,person,김창렬
3316,person,박정환
3315,person,이창남
3314,person,사랑과 평화
3313,person,진실이 말소된 페이지
3312,person,온희정
3311,male,강기영
3310,person,구나운
3309,person,비바소울
3308,person,Worldbeat Vinari
3307,person,이경민
3306,person,이승규
3305,person,4 Tomorrow
3304,person,장혜진
3303,person,김태양
3302,person,김병주
3301,person,서상원
3300,person,김동성
3299,person,진효상
3298,person,박세혁
3297,person,金民雨
3296,male,신동룡
3295,person,전초아
3294,person,란
3293,person,신민정
3292,person,위
3291,person,강소연
3290,group,타바코쥬스
3289,person,박주석
3288,person,장인태
3287,person,이동림
3286,person,최다니엘
3285,person,박준호
3284,person,박지수
3283,person,김데이빗
3282,person,지원이
3281,person,마그마
3280,group,Vanilla Acoustic
3279,person,(U-One)
3278,group,태사비애
3277,person,김순애
3276,person,쥬드
3275,person,윤민석
3274,person,이혜인
3273,person,문관철
3272,person,한예서
3271,person,박영미
3270,person,닥터 심슨
3269,person,한정호
3268,person,전태관
3267,person,송홍섭
3266,person,유영선
3265,person,유재하
3264,person,김석규
3263,group,위대한 탄생
3262,person,나티
3261,group,바닐라 루시
3260,person,배다해
3259,person,黄子韬
3258,person,백지현
3257,person,점퍼
3256,person,아이러닉 휴
3255,group,전람회
3254,person,서동욱
3253,person,차중락
3252,person,한남잭슨
3251,person,메이크 원
3250,person,맹유나
3249,person,박영렬
3248,person,홍석민
3247,group,케이걸즈
3246,person,길건이
3245,person,서효명
3244,group,홀라당
3243,person,Gary Gold Smith
3242,group,문차일드
3241,person,전홍만
3240,person,김재기
3239,person,데이트립
3238,person,마인드
3237,person,악녀클럽
3236,person,티아 황 쿠에바스
3235,person,고영준 (가수)
3234,person,보배
3233,person,한동준
3232,person,신계행
3231,group,더 블랙
3230,person,퀘스천
3229,person,By 진성
3228,person,장진영
3227,person,서재형
3226,person,F.O.R
3225,person,오상은
3224,person,김용훈
3223,person,(Square)
3222,person,셔틀 루프
3221,person,하이브리파인
3220,person,아마레 앙상블
3219,group,스카썩스
3218,person,넘버원코리안
3217,person,재주소년
3216,person,민훈기
3215,person,코타 (가수)
3214,person,김상민
3213,person,오수아
3212,person,이다리
3211,person,이부영
3210,person,BB.BOYS
3209,person,주비스
3208,person,이지애
3207,person,코인잭슨
3206,group,터치
3205,person,김재욱
3204,group,컬러스
3203,person,이치현
3202,male,Woo-shik Choi
3201,female,Ha-eun Kim
3200,male,Yoon Park
3199,male,Jung-jin Lee
3198,male,Yeon Jung-hoon
3197,male,Jang Hyuk
3196,female,Kyung-hee Lee
3195,male,Kyung-ho Jung
3194,male,Kim Su-ro
3193,male,Woo-bin Kim
3192,female,Shin-young Kim
3191,female,Han Eun-jung
3190,female,Mi-sook Lee
3189,female,Mi-sun Park
3188,female,Eun-mi Go
3187,female,Kim Ji-young
3186,male,Sang-yeob Lee
3185,female,Go-eun Han
3184,female,Sun Sunwoo
3183,female,Kim Jung-hwa
3182,male,Daniel Dae Kim
3181,male,Sung-hyun Baek
3180,male,Hyun Woo
3179,female,Chae Rim
3178,female,Bo-ah Jo
3177,male,Ki-joon Um
3176,female,Lee Yu-bi
3175,male,Kang Ho-dong
3174,female,Ho-jeong Yoo
3173,male,Jae-ryong Lee
3172,female,Ye-won Kang
3171,male,Da-hoon Yoon
3170,male,Jae-rim Song
3169,female,Yoon So-hee
3168,male,Hyun-moo Jun
3167,female,Han Chae-young
3166,person,Yu'an Zhang
3165,female,Kim Ha-neul
3164,female,Nangon Kei
3163,male,Shi-hoo Kim
3162,female,Jung So-min
3161,male,Gong Hyung-jin
3160,person,Kim Min-seo
3159,male,Gwang-hyun Park
3158,female,Lee Da-hae
3157,female,So Yi-hyun
3156,female,An Jo
3155,person,Bo-reum Han
3154,female,Noo-ri Bae
3153,female,Im Soo-jung
3152,female,Park Eun-bin
3151,female,Hong Soo-hyun
3150,female,Ji-hye Wang
3149,male,Ju Ji-hoon
3148,male,Joo Jin-mo
3147,female,Yum Jung-ah
3146,male,Jung-woo Ha
3145,female,Young-ae Kim
3144,male,Kim Sung-soo
3143,female,Kim Sun-a
3142,female,Kim So-eun
3141,female,Lee So-yeon
3140,male,Sung-kyun Kim
3139,male,Da-hyun Kim
3138,female,Seung-ah Yoon
3137,male,Gyu-woon Jung
3136,female,Kim Seo-hyung
3135,male,Chan-young Yoon
3134,female,So-yul Shin
3133,person,Jae-sook Ha
3132,female,Eun-seo Son
3131,person,Chae-ah Han
3130,female,Ji-eun Oh
3129,male,Kyu-han Lee
3128,female,Hyun-kyung Ryu
3127,male,Ik-june Yang
3126,male,Seung-ryong Ryu
3125,person,Cho-hee Lee
3124,female,Eurn-ji Jo
3123,female,Se-young Lee
3122,male,Park Yong-woo
3121,female,Min-ji Kim
3120,person,Hwang Sun-hee
3119,female,Jung-hee Moon
3118,male,Jung-se Oh
3117,male,Cha Seung-won
3116,female,Choi Ji-woo
3115,female,Sung-kyung Lee
3114,female,In-na Yoo
3113,male,Jang Hyun-sung
3112,female,Han-byul Park
3111,female,Ye-jin Im
3110,female,Hye-young Jung
3109,male,Kang-woo Kim
3108,male,Sol Kyung-gu
3107,female,Ra Mi-ran
3106,male,Suk-won Jung
3105,male,Yu-hwan Park
3104,male,Sung-woong Park
3103,male,Sae-byok Song
3102,male,Lee Beom-soo
3101,female,Joo-mi Park
3100,male,Lee Jung-jae
3099,female,Kang Hye-jung
3098,male,Do-won Kwak
3097,female,Moon So-ri
3096,male,Man-sik Jung
3095,female,Kim Sa-rang
3094,male,Ho-jun Son
3093,male,Seok-jin Ha
3092,female,Kim Gyu-ri
3091,female,Han Soo-yeon
3090,group,SWAN (Korean band)
3089,group,N-Train
3088,male,Tong-il Han
3087,group,N.O.M
3086,group,5tion
3085,female,Hyun Young
3084,male,Sa-ik Jang
3083,male,Jang Dong-gun
3082,male,Tongdal Jo
3081,female,Patti Kim
3080,group,Every Single Day
3079,group,Kingston Rudieska
3078,female,Ja-ok Kim
3077,male,Kim Jung-woo
3076,group,Sim Soo-bong
3075,male,Lee Min-ki
3074,male,Jong-hyuk Joo
3073,group,Chase Malone
3072,group,Rude Paper
3071,group,Can
3070,group,Koreana
3069,group,Pia
3068,group,Apeace
3067,male,Han-sun Jo
3066,group,Lark
3065,group,Namgida Band
3064,group,Johnny Jung
3063,female,Kim Geu-rim
3062,group,S.O.S
3061,group,Skasucks
3060,group,Seung-hun Shin
3059,group,Lucid Fall
3058,group,Vanilla Unity
3057,female,Ku Hye-sun
3056,group,Tahiti
3055,female,Kyeon Mi-ri
3054,female,Yoon Son-ha
3053,group,From The Airport
3052,group,BTL (Beyond The Limit)
3051,group,Andamiro
3050,group,Moon-se Lee
3049,group,Hong Kyung-Min
3048,male,Jin-young Choi
3047,group,Goofy (구피)
3046,group,Jihae Kim
3045,male,Yoo Seung-ho
3044,person,Gil-ra Park
3043,group,Sun-woong Kim
3042,group,Running Man Brothers
3041,group,Seorak
3040,person,Kim Cheon-heong
3039,male,Si Yoon Yoon
3038,male,Sung-woo Shin
3037,group,Heejun Han
3036,person,Gun Hyung Yoo
3035,male,"Bae, Yong-Joon"
3034,person,Jiggy Fellaz
3033,group,Rux
3032,female,Hyun-jin Seo
3031,person,Winterplay
3030,group,So Chan-whee
3029,group,Junyoung Park
3028,group,Five Fingers (Korean band)
3027,group,Atkins (Korean band)
3026,male,Hye Sung Kim
3025,male,Jo Hyun-jae
3024,group,Kim Kwang-seok
3023,group,Vodka Rain (보드카 레인)
3022,group,JK Kim Dong-wook
3021,female,Hae-Kyung Min
3020,female,Song Ji-hyo
3019,group,Hye-jin Jang
3018,person,Choi Joon-yeong
3017,group,Almeng
3016,group,Seung-yeon Son
3015,group,T.T.Ma
3014,female,Bora Shin
3013,group,John Paul Lam
3012,group,Broken Valentine
3011,female,Kimera
3010,male,Hoon A Na
3009,male,Tae-young Ki
3008,person,Happy Sunday
3007,group,SOREA
3006,group,Na-mi
3005,group,Ki-Chan Lee
3004,male,Ho Bae
3003,female,Sunny Kim
3002,person,Bom Yeoreum Gaeul Kyeoul
3001,group,Yoo Seung-jun
3000,female,Lee Si-yeon
2999,group,Kim Ji Eun
2998,male,Tae-joo Na
2997,female,Yuny Han
2996,female,Shin Se-kyung
2995,group,Postino
2994,female,Han Ye-seul
2993,male,Kwanwoo Jo
2992,group,DickPunks
2991,group,M4M
2990,person,Im Tae Kyung
2989,female,Jung Ryeo-won
2988,female,Hei-Kyung Hong
2987,group,Kim Tae-won
2986,group,Ajoo
2985,group,Maronnier
2984,female,Harisu
2983,group,Vincent & Roses
2982,male,Ahn Jae-wook
2981,group,Hari
2980,person,Lee Ji-hye
2979,male,Ho-chirl Chang
2978,female,Han Groo
2977,person,Touch (K-pop)
2976,group,Park Sung-yong
2975,group,Min Hye Cho
2974,female,Woo Yeon
2973,group,Ferlyn Wong
2972,female,Chae Jung-an
2971,male,Jae-suk Yoo
2970,male,Shin-won Park
2969,group,Amadéus Leopold
2968,male,Mu-yeol Kim
2967,group,C-REAL
2966,female,Hyun-hwa Kwak
2965,group,神飞乐团
2964,group,Sue Son
2963,male,Hyun Bin
2962,female,Kuk Son Yung
2961,female,Park Inyoung
2960,group,Mystic Puzzle
2959,group,Seung-hee Cho
2958,group,Epaksa
2957,group,Yangpa
2956,group,Lim Kim
2955,group,FatalFear (Fatal Fear Korea)
2954,group,Low Natasha
2953,group,Battle
2952,male,"Park, Sang Won"
2951,male,Hyun-woo Lee
2950,male,Louis
2949,group,Kiha Chang
2948,group,Blady
2947,group,Meilin
2946,group,So-jung Kim
2945,group,Ga-yeoul Chu
2944,group,4Ten
2943,group,Romantic Punch
2942,group,Hae-in Lee
2941,person,Lee Ha Rin
2940,group,Don Spike
2939,group,Ing Ghum Chu
2938,male,Ah-in Yoo
2937,group,Messgram
2936,group,Honey G
2935,group,Sung-bong Choi
2934,group,Taegoon
2933,female,Yoon Jin-seo
2932,male,Ahn Jae-mo
2931,group,4L
2930,male,Il-woo Jung
2929,group,Eun-byul Jo
2928,female,Oh Yeon-seo
2927,male,Cha Tae-hyun
2926,group,Cultwo
2925,group,Tritops
2924,group,Global Icon (GI)
2923,male,"Kim, Soo-Chul"
2922,group,Boys Noize
2921,group,Daishi Dance
2920,group,Papaya
2919,male,Bum Kim
2918,group,The Geeks
2917,group,Boom
2916,male,Ryan Bang
2915,group,2000 Won
2914,group,Ross Lara
2913,group,Young-hu Kim
2912,group,Minho
2911,group,Togeworl
2910,group,SM the Performance
2909,group,Chunja (춘자)
2908,group,H-Eugene
2907,male,Noh Hong-chul
2906,group,Jong Wook Kim
2905,group,Vassline
2904,person,Eddy Oh
2903,male,Hyeon Jin-young
2902,person,LUV
2901,person,Jung Il-hoon
2900,male,John Park
2899,person,Shin Jimin
2898,person,Seo Yuna
2897,male,Jo Sungmo
2896,person,Shin Jongkook
2895,female,Jin Hyewon
2894,female,Cho Eunbyul
2893,female,Kwak Somin
2892,female,Lee ji-yeong
2891,female,Choi Soo-eun
2890,female,Hwang Ji Hyun
2889,female,Kim Hyeji
2888,female,Jeon Solrim
2887,female,Choi Ji Hyun
2886,female,Seunghee
2885,female,Shannon
2884,female,Jeon Hye-bin
2883,female,J-Da
2882,female,Hayana
2881,female,Jucy
2880,female,Yull
2879,female,Lime
2878,person,Nasty Nasty
2877,male,Kevin
2876,male,Hyung Sik
2875,male,Hwang Kwanghee
2874,male,Min Woo
2873,male,Jun Young
2872,male,Tae Heon
2871,male,Dong Jun
2870,male,Hee Chul
2869,male,Yim Si-wan
2868,male,Tei
2867,person,Choi Jung Won
2866,male,Kim Jeong-hoon
2865,group,UN
2864,male,Yoon Hyun-sang
2863,male,Chung Dong-ha
2862,person,Kim Yoon Dong
2861,person,Kim Hee Cheon
2860,person,Kim Jae Yong
2859,person,Jung Young Hoon
2858,person,Lee In Haeng
2857,person,Jo Sungho
2856,female,Megan Lee
2855,person,Yoo Kyu Sang
2854,person,Kim Yong Jin
2853,person,Park Sang Woo
2852,group,Bohemian
2851,person,AHHN
2850,group,CRASH
2849,person,Fiestar
2848,male,Jang Doyoon
2847,male,Hong Jisoo
2846,male,Yoon Junghan
2845,male,Choi Seungcheol
2844,person,A.S. Red & Blue
2843,female,Lexy
2842,male,Minos
2841,male,Mike Pirat
2840,group,Golf & Mike
2839,person,Nadia
2838,female,Baek A-yeon
2837,male,Beenzino
2836,group,Super Boys
2835,male,Wei Chen
2834,male,Nam Hyun-joon
2833,person,E-Tribe
2832,male,Soryoung
2831,male,Daeryoung
2830,group,Tasty
2829,person,Page
2828,male,Hyungjun
2827,male,Inseok
2826,group,Shu-I
2825,male,Kangnam
2824,male,Bizniz
2823,person,Crayon Pop – Strawberry Milk
2822,person,K-Much
2821,female,Park Saebyul
2820,male,Kim Yeon Woo
2819,male,KCM
2818,male,Kim Hyung-Tae
2817,male,Beom-Jun Jang
2816,male,SIMS
2815,male,Cream
2814,male,Kim Donggeun
2813,male,Jin Hyunjin
2812,male,Park Hyunchul
2811,male,Lee Injoon
2810,male,Kim Jinwan
2809,male,Hwang Doohwan
2808,male,Kim Wanchul
2807,male,Kim Jisang
2806,male,Lee Suhoon
2805,male,Woo Hyunmin
2804,male,Shin Gwangchul
2803,male,Jeon Jihwan
2802,male,Nam Jinhyun
2801,male,Choi Sungso
2800,male,Kim Youngkyung
2799,group,Youn Sun Nah 5tet
2798,person,Kyoung Tack Lim
2797,female,Lee Areum
2796,female,Jiae
2795,male,Louie
2794,male,Scott Hellowell
2793,female,SeungA
2792,female,Misung
2791,male,Janghyun
2790,male,San-Cheong
2789,male,EDDY
2788,male,E.co
2787,male,SimBa
2786,person,신은혜
2785,person,전은신
2784,person,이성은
2783,male,Oh Ki Taek
2782,male,Kwon Do Yeon
2781,male,Han Ji Hyun
2780,male,Lee Chang Jae
2779,male,Lee Hyun Jin
2778,male,오원빈
2777,male,Song Seung-hyun
2776,male,Choi Min-hwan
2775,male,Lee Jae-jin
2774,male,Choi Jong-hoon
2773,male,Hyeongkon
2772,male,Jaehyung
2771,male,Sungmin
2770,male,Seungjin
2769,male,Yunyoung
2768,male,Hyojun
2767,male,Seungyub
2766,male,Kim Kyung Rok
2765,male,Choi Hyun Joon
2764,female,Humming Girl
2763,female,Shina-E
2762,group,Instant Romantic Floor
2761,male,Lee Min-woo
2760,male,Kang Jun
2759,male,Kim Hyun-il
2758,male,Kim Tae-min
2757,male,Yu Ba-rom
2756,person,Park Arum
2755,person,Cho Eun Joo
2754,person,An Hyunsun
2753,male,Jun-seong Kim
2752,person,장성운
2751,group,Violet Monkey
2750,person,Lee Yun-chan
2749,group,No Mark
2748,group,Booby Trap
2747,person,Lee Won-jin
2746,group,STICKS IN THE VINYL
2745,group,SLAPDASH
2744,person,Shin Garam
2743,female,Bekah
2742,female,Yoo So-young
2741,female,Lee Kaeun
2740,female,E-Young
2739,female,Lee Jooyeon
2738,female,Kim Jungah
2737,female,Uee
2736,male,Lim Yoon-taek
2735,male,Park Kwang-sun
2734,male,Park Seung-il
2733,male,Kim Myung-hoon
2732,male,Goon jo
2731,male,Wang Jia Er
2730,male,Pyo Jihoon
2729,male,Cho Jin-Ho
2728,male,L.Joe
2727,male,Kim Sung Soo
2726,person,Yijung
2725,person,Jaeho
2724,person,Sihyoung
2723,person,Dokyun
2722,person,Kyungil
2721,group,Come Back Madonna
2720,group,Bellamafia
2719,male,So Joonsup
2718,male,Lee Sangchul
2717,male,PO
2716,male,Ace
2715,male,Neo
2714,male,Ryan
2713,male,Jr.
2712,male,Kim Dong-hyun 
2711,male,Jung Sung-hak 
2710,male,Kim Rae-hwan 
2709,male,Lee Young-jun
2708,male,Oh Kwang-suk
2707,female,Joo Eun-young
2706,female,Kim Soo-rin
2705,female,Kwak Min-joo
2704,female,Choi Eun-mi
2703,female,Im Chang-sook
2702,male,Jung Ilhoon
2701,person,Shin Peniel
2700,person,Lim Hyunsik
2699,person,Lee Changsub
2698,person,Seo Eunkwang
2697,male,Lee Minhyuk
2696,female,Lee Kyung Min
2695,female,Jiny
2694,male,Kim Sung-jae
2693,female,Lee Ji Young
2692,female,Park Min Hye
2691,female,Lee Yeong Hyeon
2690,female,Shin Yeon Ah
2689,male,Kim Sang-bae
2688,female,Sojung
2687,female,GilMe
2686,male,Tyfoon
2685,male,Kim Yongseok
2684,male,Kim Sangmin
2683,male,Takuya Terada
2682,male,Shin Won-ho
2681,male,Lee Seyoung
2680,male,Jo Kwangmin
2679,male,No Minwoo
2678,male,Jo Youngmin
2677,male,Lee Jeongmin
2676,male,Shim Hyunseong
2675,male,Kim Donghyun
2674,group,MacGregor
2673,female,Mi Sun Park
2672,male,Lee Juno
2671,male,Geonil
2670,male,Kwangsoo
2669,male,Yoonhak
2668,female,Jeong Sol
2667,female,JooA
2666,female,Oh Yeonkyung
2665,female,Sung Yoojin
2664,female,Heo Youngjoo
2663,female,Song Minkyung
2662,group,Trance Masters
2661,group,Future Collective
2660,male,Daniel Light
2659,person,Steve Knight
2658,male,Jung Myung Hoon
2657,male,Kim Goo
2656,male,Kim Young Wan
2655,male,Cha Seung Min
2654,male,Bbaek Ga
2653,female,Shin Ji
2652,male,Kim Jong-min
2651,female,Misty
2650,female,Hee Young
2649,female,Jung Hye Min
2648,female,Gun Ji
2647,female,Jenny 
2646,female,Si Hyun
2645,male,Richard Kim
2644,male,Kim Soo Yoon
2643,male,Kim Moon Chul
2642,male,James Lee
2641,male,Maru
2640,male,Kang Doo
2639,person,Sejoon
2638,female,Nayeon
2637,person,Jongkook
2636,female,Hyewon
2635,male,Yoosung
2634,female,Hyoyoung
2633,person,Kangho
2632,female,Chanmi
2631,person,Noori
2630,female,Eunkyo
2629,male,Sungmin
2628,person,Kwanghaeng
2627,male,Choi Min Ki
2626,male,Hwang Min Hyun
2625,male,Kang Dong Ho
2624,male,Kim Jong Hyun
2623,male,Kwak Aron
2622,group,Sweetheart of Kairi
2621,group,투명물고기
2620,male,Han Tae Young
2619,male,Baek Ha Hyeong Ki
2618,female,Lee Ji Ho
2617,female,Choi Yoon Jeong
2616,male,Yoon Ji Min
2615,male,Choi Jae Man
2614,male,Park Young In
2613,male,Kwon Sun Il
2612,female,Jo Hyun Ah
2611,female,Kim Joo-yeon
2610,female,Wichai Jutamas
2609,female,Wang Huizi
2608,female,Chang Yijiao
2607,female,Jang Jin-young
2606,female,Lee Tae-eun
2605,male,Kim Da-rae
2604,female,Yoo Joo-yi
2603,female,Hwang Saem
2602,male,Han Seung-yoon
2601,male,Sin Tae-ho
2600,person,Zo Bin
2599,person,Yi Hyuk
2598,female,GaEun
2597,female,Serri
2596,female,Woohee
2595,female,Jiyul
2594,female,Viki
2593,female,Subin
2592,female,Ah Young
2591,male,V
2590,male,Jimin
2589,male,Suga
2588,male,Jin
2587,female,EunYoung
2586,female,HyeRan
2585,female,YooJin
2584,female,YeJin
2583,female,SeoA
2582,female,Yoo Hye-in
2581,female,Wendy
2580,female,Bae Irene
2579,group,Hot Potato
2578,female,Jaeyoon
2577,female,Juliane
2576,female,Min Soa
2575,group,무가당
2574,male,Song Baek Kyoung
2573,male,Oh Jin Hwan
2572,male,Nam Tae-hyun
2571,male,Kim Jin-woo
2570,group,Team H
2569,male,Kim Tae Woo
2568,group,Zos Kia
2567,male,Dairoku Seki
2566,male,Manabu Nakagawa
2565,male,Masahiro Tobita
2564,male,Nobukata Kawai
2563,male,Lee Tae-hwan
2562,male,Kang Tae-oh
2561,male,Yoo Il
2560,male,Gong Myung
2559,male,Seo Kang-joon
2558,group,Solaa
2557,group,Star City
2556,group,The Footsouljahs
2555,female,Way
2554,female,Cho A
2553,female,Ellin
2552,female,Gum Mi
2551,group,Mr McFall's Chamber
2550,male,Chris Kim
2549,male,Jang Seok-hyun
2548,female,Seo Ji-young
2547,male,Kwon Kwang-jin
2546,male,Park Yun Hwa
2545,male,Joo Chan Yang
2544,male,Kim Joon
2543,male,Park Han Bi
2542,male,Shin Min Chul
2541,person,Seong Gon Kim
2540,person,이현도
2539,person,PACOO
2538,person,해인
2537,person,릴리
2536,person,김재혁
2535,group,Myungs And Juns
2534,group,더더
2533,person,Young Jun Kim
2532,group,MAMALADY
2531,female,Hyun Young  Lee
2530,group,Lee-Cabrera
2529,person,Z-E
2528,male,Turtleman
2527,person,Geum Bi
2526,group,QBS
2525,male,Bryan Cho
2524,group,나하비 밴드
2523,female,Sohyun
2522,person,김태준
2521,person,김영철
2520,person,문우건
2519,female,Hana
2518,person,Lee Kyung
2517,person,Ji Hwan
2516,person,Woo Jae
2515,male,Son Ji Chang
2514,group,VERBAL + ☆taku
2513,group,Teriyaki Boyz
2512,group,MIC BANDITZ
2511,male,Verbal
2510,group,m-flo♥野宮真貴 & CRAZY KEN BAND
2509,group,m-flo♥Boy-Ken & Black Bottom Brass Band
2508,group,m-flo♥Dragon Ash
2507,group,SUITE CHIC
2506,group,Monkey Majik + m-flo
2505,group,m-flo♥MINMI
2504,group,Crystal Kay♥m-flo
2503,group,m-flo♥Alex (CLAZZIQUAI PROJECT)
2502,group,m-flo♥日之内エミ & Ryohei
2501,group,m-flo♥Akiko Wada
2500,group,m-flo♥EMYLI & YOSHIKA
2499,group,m-flo♥坂本龍一
2498,group,m-flo♥EMYLI & Diggy-MO'
2497,group,m-flo♥Sister E
2496,group,m-flo♥YOSHIKA
2495,group,m-flo♥CHEMISTRY
2494,group,m-flo♥melody. & 山本領平
2493,group,m-flo♥Crystal Kay
2492,group,m-flo♥加藤ミリヤ
2491,group,M-Flo
2490,male,Jang Hyuk-jin
2489,male,Woo Chang-bum
2488,male,Kim Chan-yong
2487,male,Jo Jong-hwan
2486,male,Kim Rock-hyun
2485,male,Lee Sang-hun
2484,male,Seo Min-woo
2483,person,ChaeJin
2482,person,InSoo
2481,person,GunWoo
2480,male,J1
2479,male,Shin Yong Jae
2478,male,Yeong Jae
2477,male,Kim Won Joo
2476,female,Song Da Hye
2475,male,Hyoonga
2474,male,BBogle
2473,male,VOVO
2472,male,Bulldaegal
2471,female,Cha-hee
2470,female,Yeo-eun
2469,male,Hyuk
2468,male,Hongbin
2467,male,Ravi
2466,male,Leo
2465,male,N
2464,female,Yooyoung
2463,female,Lime
2462,female,Shin Yoon-jo
2461,female,Kwon Nara
2460,male, Yoon Jeong-oh 
2459,male,Jerry
2458,male,Red
2457,male,Haru
2456,male,Yooseung
2455,male,Lumin
2454,male,Taehee
2453,male,Kwon Jung Yeol
2452,male,Yoon Cheol Jong
2451,male,JinHong
2450,male,Hoik
2449,male,Kimchi
2448,male,Woosang
2447,male,Aoora
2446,female,Sunga
2445,female,Minha
2444,female,Hyemi
2443,female,Kyungri
2442,female,Eunji
2441,female,Hyuna
2440,female,Sera
2439,female,Euaerin
2438,female,Lee Sem
2437,group,Buga Kingz
2436,male,Park Hyeong-Jin 
2435,male,Park Joon-Hyung
2434,male,Dong Woo-Seok 
2433,male,Park Geon-Woo
2432,male,Kim Jong-Hyo
2431,female,Na Hae Ryeong
2430,female,Jung Yu Ji
2429,female,Kang Hye Yeon
2428,female,Park Jung Hwa
2427,female,Seo Hye Rin
2426,female,Ahn Hee Yeon
2425,female,Heo Sol Ji
2424,group,Boohwal
2423,female,Kim Bohyung
2422,female,Park Juhyun
2421,female,Jiwon
2420,male,Park Hyun-bin
2419,male,Chu Ga-yeoul
2418,female,Lee Mi Ja
2417,female,Ju Hyun Mi
2416,male,Tae Jin-ah
2415,person,Hae-in Baek
2414,person,Eastern sidekick
2413,group,Swingz
2412,female,A-hyun Seo
2411,group,Urajil Band
2410,male,Huh Jung-Min
2409,male,Jeon Min-Hyuk
2408,male,Jae Yoon
2407,male,Lee Soo
2406,group,MC the Max
2405,female,Lee Hyun-joo
2404,group,Maryjane
2403,female,Im Ji-hye
2402,group,Shin Garam Band
2401,female,Choi Jin-ah
2400,group,TaLES
2399,group,p.o.m
2398,group,Arie Band
2397,female,Arie Kim
2396,group,Arie Band
2395,person,Eunjung Bae
2394,female,Seonghee Kim
2393,group,Norihwa
2392,female,Mihye Bae
2391,group,Urajil Band
2390,group,BooBooBand
2389,group,SANDWich
2388,group,뻥크BAND
2387,group,SlushPuppy
2386,group,비시누
2385,group,Rubber Duckie
2384,female,Ji-a Song
2383,group,Rubber Duckie
2382,male,Park Keon-Woo
2381,male,Jeon Ki-Wook
2380,male,Choi Jae-Hoon
2379,male,Lee Min-Yong
2378,male,Lee Sung-Hyun
2377,male,Lee Kyu-Min
2376,male,Kim Gwang-Yeon
2375,male,Kim Hyo-Seok
2374,male,Jang Han-Byul
2373,male,Seo Young-Jun
2372,group,Led Apple
2371,person,이석원
2370,person,Lee Neung-Ryong
2369,group,Onnine Ibalgwan
2368,male,Ha Sebin
2367,group,Oh! Brothers
2366,male,Lee Jung Hoon
2365,group,Nemesis
2364,male,Ha Sebin
2363,group,Nemesis
2362,male,Lee Hyun
2361,female,Joohee
2360,male,Kim Seok-min
2359,male,Kim Joon
2358,male,Yoo Hyun Jae
2357,male,Oh Ji Hoon
2356,female,Hwang Hye-young
2355,group,Two Two
2354,male,Kim Ji Hoon
2353,group,Two Two
2352,group,PARAN
2351,male,Lee Kiseop
2350,group,Xing
2349,group,Chakra
2348,female,JeA
2347,female,Min Hyo-rin
2346,female,SunMin
2345,female,Jeon Hye-bin
2344,male,Dong-Ha Chae
2343,male,Lee Seok Hoon
2342,male,Kim Jin Ho
2341,group,SG Wannabe
2340,male,Shin Jung-hwan
2339,person,Go Young Wook
2338,female,Kim Ji Hyun
2337,male,Lee Se-jun 
2336,male,Park Seung Hwa
2335,group,Yurisangja
2334,male,Kang Doo
2333,male,Tim
2332,female,Yoo Chae-yeong
2331,male,Min Dae Hong
2330,male,Yoon Woo Hyun
2329,female,Cho Min Ah
2328,female,Jung Yoo Jin
2327,female,Lee Ji Hyun
2326,female,Jun Eun Mi
2325,female,Park Semi
2324,female,Kim Yewon
2323,female,Kim Eunjung
2322,female,U;Nee
2321,female,Hyelim
2320,female,Sohee
2319,female,Sunye
2318,group,Five Girls
2317,male,Kim Jong-min
2316,group,M.I.L.K
2315,male,Yoo Sung Gyu
2314,group,Lady
2313,male,No Min-hyuk
2312,male,Yoo Ho-suk
2311,male,Ha Hyun-gon
2310,male,Kim Sang-hyuk
2309,male,Oh Jong-hyuk
2308,male,Woo Yun-suk
2307,male,Kim Tae-hyung
2306,group,JnC
2305,male,Jang Su-won
2304,male,Ko Ji Yong
2303,male,Kang Sung-hoon
2302,male,Kim Jae-duc
2301,male,Jae-jin Lee
2300,male,Lee Jae-jin
2299,group,Clover
2298,group,Sechs Kies
2297,female,Mini
2296,group,UltraCats
2295,female,Hwang Jung-eum
2294,female,Hye Seung
2293,female,Lee Harin
2292,female,Park Soo Jin
2291,person,NRG
2290,female,Lee Ji Yeon
2289,male,Jang Jin Young
2288,male,Shim Jae Won
2287,male,Jung Ji Hoon
2286,male,Lee So Min
2285,male,Hwang Sang Hoon
2284,female,Iconiq
2283,female,Lee Yeon-hee
2282,male,Kim Ian
2281,group,The Blue
2280,male,Kim Min-jong
2279,female,J-Min
2278,group,Dana & Sunday
2277,group,Isak N Jiyeon
2276,female,Lee Ji Yeon
2275,group,Route 0
2274,female,Victoria Song
2273,male,Huang Zitao
2272,male,Xiu Min
2271,male,Zhang Yixing
2270,male,Oh Se-hoon
2269,female,Go Ara
2268,male,No Min-woo
2267,male,"Kim ""X-Mas"" Jung Mo"
2266,group,Super Junior-K.R.Y.
2265,group,Anyband
2264,group,m-flo♥BoA
2263,group,KODA KUMI & BoA
2262,group,Kangta & Vanness
2261,male,Michael Anthony Horton
2260,male,Snacky Chan
2259,male,Chris Jung
2258,group,MFBTY
2257,male,Jaejoong
2256,group,SM The Performance
2255,group,DBSK
2254,male,Sonstar
2253,male,Yaenhead
2252,female,Lee Min
2251,female,Chae Da-hee
2250,female,Myung Sa Rang
2249,female,Han Ae Ri
2248,female,Park So Ri
2247,female,Oh Min Jin
2246,female,Hwang Yeon Kyoung
2245,female,Yang Eun Ji
2244,group,Baby Vox Re.V
2243,female,An Jin Kyoung
2242,group,Baby Vox Re.V
2241,male,Jeong Jae Yong
2240,male,Lee Ha-Neul
2239,male,Kim Chang Ryul
2238,female,Jieun
2237,female,Ahyul
2236,female,Songha
2235,female,Riwon
2234,female,Jiwon
2233,female,Lani
2232,female,Rika
2231,female,Rahi
2230,female,Mint
2229,male,"Choi, Gun"
2228,female,"Park, Ji Yoon"
2227,female,Ji Min
2226,person,Aris
2225,female,Rise
2224,female,Lena
2223,male,"Squab, Issac"
2222,female,Hyelin
2221,male,"Lee, Juhan"
2220,male,Slow 6
2219,person,Pe2ny
2218,male,"Lee, Sang-Gyu"
2217,person,Alice
2216,male,Artisan Beats
2215,female,"Lee, Jin"
2214,male,"Park, Cheon-Hwi"
2213,female,"Kye, Heejeong Lucia"
2212,female,Ailee
2211,female,"Shim, Eun Jin"
2210,male,"Jang, Wooyoung"
2209,male,B-Bomb
2208,male,"Seong, Ji-Hoon"
2207,male,Chaejin
2206,male,Titancube
2205,male,"Kwak, Sang-Yeop"
2204,person,"Suh, Joon-Ho"
2203,female,G.NA
2202,male,"Lee, Jin-Woo"
2201,male,"Lee, Jeereen"
2200,male,Kris
2199,female,Juckwoo
2198,male,"Lee, Sam"
2197,female,"Jung, Yuri"
2196,female,"Lee, Hee Jin"
2195,male,Big Bounce
2194,male,"Choi, Sung-Bum"
2193,male,U-Know Yunho
2192,male,"Kang, Dae-sung"
2191,female,에이비
2190,female,"Han, So-Hyeon"
2189,female,"Kim, Hyun-Ah"
2188,female,Enjel
2187,male,"Kim, Sunghoon"
2186,female,"Seo, Joo-hyun"
2185,male,"Eun, Tae-su"
2184,male,ZEZE
2183,female,Satbyeol
2182,person,"Kim, Dongha"
2181,female,"Hong, Jin Young"
2180,person,Osoyoung
2179,male,"Han, Seong Ho"
2178,male,"Lee, Hyun Woo"
2177,male,Woohyun
2176,male,G.O
2175,female,"Nam, Yeji"
2174,male,"Kou, Katsuyoshi"
2173,female,"Lee, Yoon-Jeong"
2172,male,"Jeon, Young Rok"
2171,person,"Bae, Sang-Hwa"
2170,male,Kwangsu
2169,male,Chen
2168,male,"Jang, Keun Suk"
2167,male,"Kwon, Jung-Yul"
2166,female,Seulgi
2165,male,Warmman
2164,female,Neon Bunny
2163,female,Kemy
2162,male,"Kang, Won Rae"
2161,male,Hoony Hoon
2160,male,"Kim, Jeong-Geun"
2159,male,"Do, Jung-Hee"
2158,female,Yoon Youn Sun
2157,male,"Park, Hyun-woo"
2156,male,Ra.D
2155,female,NC.A
2154,female,Kahi
2153,male,"Kim, Gun Mo"
2152,male,Ken
2151,female,BMK
2150,female,"Kim, Wonjung"
2149,female,"Lee, Joo-bin"
2148,male,Huh Gak
2147,person,Z.EE.
2146,female,"Kim, A-joong"
2145,female,"Lee, Seul"
2144,male,"Sung, Ki-Wan"
2143,male,"Yoo, Young Jin"
2142,female,Kei
2141,male,"Lee, Tae-Yoon"
2140,female,"Lee, Se Jin"
2139,female,Hye Jeong
2138,male,"Kim, Him Chan"
2137,male,Jed
2136,male,"Kim, Jang-Hoon"
2135,female,"Yoo, Ara"
2134,male,"Yang, Hyeseung"
2133,male,AJ
2132,person,Presti
2131,person,"Kim, Sunil"
2130,male,"Nam, Eric"
2129,male,"Park, Jimin"
2128,male,nato
2127,male,JOOHEON
2126,male,"Hong, Gwang-Ho"
2125,female,BoA
2124,male,이정희
2123,male,Park Jeong-Won
2122,male,DR
2121,male,"Park, Min-Joon"
2120,male,"Park, Bernard"
2119,male,"Jung, Il-hoon"
2118,female,Whale
2117,female,Nine
2116,male,Robo
2115,person,Yeongene
2114,male,"Kang, Tae-Woo"
2113,male,Okasian
2112,male,Flash Finger
2111,male,"Shin, Yooncheol"
2110,female,"Seo, In Young"
2109,male,"Lee, Tae-Ho"
2108,male,VON
2107,male,RHYME-A-
2106,male,SonStar
2105,male,Eddy Kim
2104,female,"Yoon, Sa Rah"
2103,male,"Park, Seung-Hwa"
2102,female,Rimi
2101,female,"Kim, Wan Sun"
2100,male,Swings
2099,male,"Kim, Bobby"
2098,female,MAYA
2097,female,Misfit
2096,male,XXXY
2095,female,Ji Eun
2094,male,"Sul, Woon-Do"
2093,female,Hye Ji
2092,person,haihm
2091,male,"Lee, Seung Hyub"
2090,female,"Lee, Jung Hyun"
2089,male,"Hong, Jason"
2088,person,"Choi, Chang-Woo"
2087,female,Younha
2086,male,D-LITE
2085,person,"Jung, Yujong"
2084,male,"Kang, Dong-Suk"
2083,female,"Kim, Eana"
2082,female,Noian
2081,male,Masta Wu
2080,female,Cheetah
2079,male,Minos
2078,female,"Park, Hwa Yobi"
2077,female,"Baek, Ga-Young"
2076,male,"Kye, Bum Zu"
2075,person,"Sung, Yong-Wook"
2074,female,Whang Bo-Ryung
2073,male,"Jo, Dae-Yeon"
2072,female,"Lee, Junghae"
2071,male,"Yoon, Doo-Joon"
2070,person,Flow.D
2069,male,Fana
2068,female,Bora
2067,male,"Ock, Yohan"
2066,male,Hoon
2065,female,Shin Youngok
2064,male,FuturEyeTronica
2063,female,"Kim, Soo-Hee"
2062,female,Solbi
2061,male,"Kim, Kyung-rok"
2060,male,"Lee, Hong Gi"
2059,female,"Heo, Ga Yoon"
2058,female,Raina
2057,female,"Jeong, Jae Yeong"
2056,person,"Kim, Chang-Hyun"
2055,male,Roy Mikelate
2054,male,Moonlight Fairy
2053,female,"Baek, Ji Young"
2052,male,"Park, Gyo-Joo"
2051,female,"Jung, Hana"
2050,female,"Choi, Zae-Eun"
2049,female,"So, Chanhwi"
2048,female,"Suh, Ju-Kyung"
2047,male,"Jang, Woo Hyuk"
2046,female,Junghwa
2045,female,Naeun
2044,male,"Yoon, Hak-won"
2043,male,"Jung, Jae-Won"
2042,male,"Kim, Hyun Joong"
2041,female,"Oh, Hyun Ran"
2040,female,Sunday
2039,male,"Lim, Chang Jung"
2038,person,"Rialland, Francois"
2037,male,"Kim, Jong-in"
2036,male,"Jeong, Jun-ha"
2035,female,"Lee, Hi"
2034,male,"Ahn, Jeong-hoon"
2033,male,"Baek, Chan"
2032,male,Danny
2031,group,Fat Cat
2030,female,"Lee, Su-a"
2029,group,"Shin, Hyuk"
2028,male,Myoung-Ho
2027,male,"Kim, Gyu-Hyung"
2026,female,Kuripurin
2025,male,P.O
2024,female,Jung-In
2023,person,"Kim, Justin"
2022,female,"Chu, Hana"
2021,male,"Ha, Gwang-Seok"
2020,person,"Sung, Ho-Rim"
2019,male,Ugly Duck
2018,male,Dongwoo
2017,male,"Lee, Dong-Hoon"
2016,male,"Lee, Jang-woo"
2015,male,Ryu
2014,male,Soul Fish
2013,female,Vicky
2012,male,"Park, Hyun-Joon"
2011,male,"Lee, Steven"
2010,group,MayBee
2009,person,"Song, Young-Woo"
2008,male,"Kim, Hyun-tae"
2007,male,"Eun, Ji Won"
2006,male,"Park, Tae-Hee"
2005,male,DJ 지누
2004,female,11
2003,male,"Kim, Chang-Wan"
2002,person,"Bae, Ki Joon"
2001,male,Dok2
2000,male,"Lee, Jung Shin"
1999,female,"Kim, Jeong-a"
1998,male,Gaeko
1997,female,Sojung
1996,female,HA:TFELT
1995,female,"Kweon, Ah-shin"
1994,male,"Oh, Joon Sung"
1993,person,Rooftop House Studio
1992,male,JW
1991,female,"Han, Seung Yeon"
1990,male,T.O.P
1989,female,"Ha, Juyeon"
1988,male,"You, Hee-Yeol"
1987,male,Wheesung
1986,male,"Heo, Young-Saeng"
1985,male,"Song, Chang-Sik"
1984,female,J
1983,male,Sijin
1982,male,"Lee, Han-Cheol"
1981,male,"Yi, Sung Yol"
1980,male,"Choi, Tae-Geun"
1979,male,"Lee, Keun-Hyung"
1978,male,"La, Il-jun"
1977,male,Rado
1976,male,Eru
1975,person,"Jang, Dong-Jin"
1974,male,Naachal
1973,male,"Lim, Dong-Hyek"
1972,female,Michelle Lee
1971,person,"Pak, In-gi"
1970,person,"Im, Yejin"
1969,female,"Kim, Jin Hi"
1968,male,Reno
1967,male,"Jang, Hyun-seung"
1966,male,"Jung, Yoo-Suk"
1965,female,So Fly
1964,male,Nassun
1963,male,T.O
1962,male,Kim Jong-Chan (김종찬)
1961,male,"Kim, Sang-Woo"
1960,male,Suho
1959,male,CNU
1958,male,Ricky
1957,male,"Kim, Jae-Gwon"
1956,female,Minzy
1955,female,Kisum
1954,person,"Sohn, Kyung-Ho"
1953,female,"Bae, Suzy"
1952,female,"Lee, Yoongjin"
1951,male,"Son, Jin-Tae"
1950,male,마리오
1949,male,Taemin
1948,female,Wendy
1947,female,Dara
1946,male,J.Slow
1945,female,"Woo, Hyelim"
1944,male,1kyne
1943,female,"Bae, Seul Ki"
1942,male,SpringHead
1941,male,"Lee, Seung Gi"
1940,male,Joon-Hyuk
1939,female,R.A.M
1938,male,"Kang, Min-Ho"
1937,person,"Kim, Yae-Joong"
1936,male,Simo
1935,female,"Kwon, So Hyun"
1934,person,"Ko, Kyeong-Cheon"
1933,female,Qri
1932,male,creent
1931,male,FOIV
1930,person,Primary
1929,person,"Lee, Seung-Bok"
1928,person,"Han, Jiyoon"
1927,male,"Lee, Hyeon-Do"
1926,female,"Jang, Goon"
1925,male,"Sung, Dae-Hyeon"
1924,male,RAVI
1923,person,"Jung, Soo-Wan"
1922,female,Eugene
1921,male,"Sniper, MC"
1920,male,Kiggen
1919,female,Min A
1918,female,Way
1917,female,Soyeon
1916,male,"Goo, Tae-Hoon"
1915,male,Rap Monster
1914,male,"Jun, In-kwon"
1913,female,"Lee, Haeri"
1912,male,"Kim, Sangkyun"
1911,female,"Zhang, Li Yin"
1910,female,Mina
1909,male,Lunatic Sounds
1908,male,Baekhyun
1907,female,banami
1906,male,Alex
1905,male,"Byun, Baek-hyun"
1904,male,"Choi, Hyun-Joon"
1903,male,Jinhwan
1902,male,"E, Z Hyoung"
1901,female,Heekyung Na
1900,female,Krystal
1899,male,"Song, Yun-hyeong"
1898,male,"Yoo, Jeong-Yeon"
1897,person,"Chang, Hyeok-Jo"
1896,female,"Seo, Moon Tak"
1895,female,"Cho, Youjeen"
1894,male,"Kim, Je-gyeong"
1893,female,"Park, Seon-Yeong"
1892,female,"Uhm, Jung Hwa"
1891,male,"Ryu, Seong-dae"
1890,female,"Yoo, Ji Ae"
1889,person,"Kim, Jangwon"
1888,male,"Kim, Jonghyun"
1887,male,"Park, Sang-Chul"
1886,female,"Kim, Hye-Yeon"
1885,male,Yohan
1884,male,RoomMate
1883,female,"Jang, Dayun"
1882,male,"Lee, Juck"
1881,person,Young GM
1880,female,"Lee, Sunmi"
1879,male,500won
1878,male,"Kim, Jun-Myeon"
1877,male,"Kim, Sung-Min"
1876,male,"Lee, Sang-Min"
1875,person,Ryuji
1874,male,Outsider
1873,female,Narmia
1872,female,Cho A
1871,male,"Pumkin, DJ"
1870,male,"Horvejkul, Nichkhun Buck"
1869,male,Lil Boi
1868,female,"Yoo, Hye In"
1867,female,"Kim, Yun-Mi"
1866,female,"Park, Gyuri"
1865,male,"Friz, DJ"
1864,male,Chanyeol
1863,male,SE7EN
1862,male,Mir
1861,female,"Woo, Mi-Jin"
1860,group,"Choi, Andrew"
1859,male,"Kang, San-Ae"
1858,male,Sean2Slow
1857,female,"Kim, Kho Woon"
1856,male,Minho
1855,female,Hyuna
1854,person,"Hwang, Sung Je"
1853,male,Nichkhun
1852,female,"Choi, Jung-In"
1851,male,"Kim, Min-Ki"
1850,male,"Ahn, Danny"
1849,male,Alexander
1848,person,Croove
1847,male,"Lee, Saeng-kang"
1846,male,Makesense
1845,person,"Han, Jae-Won"
1844,female,Yuju
1843,female,Sooyoung
1842,male,"Tae, Jin-Ah"
1841,female,"Oh, Seung Hee"
1840,female,Yisabel
1839,female,Big Baby Driver
1838,male,"Han, Sol"
1837,female,RiRimo
1836,female,Lucia
1835,person,겨울숲여우
1834,male,Eunhyuk
1833,male,"Han, Kyeong-Rok"
1832,male,"Hong, Hyeon-Geol"
1831,male,M2U
1830,male,"Kim, June-One"
1829,person,"Yoo, Jin-Young"
1828,female,Ashley
1827,person,"Ryu, Seung-Hyun"
1826,female,Guriri
1825,male,LiB
1824,female,"Kwon, Boa"
1823,person,"Kang, MinSung"
1822,female,"Hong, Yoo-kyung"
1821,female,Romelon
1820,female,"Shin, Min-a"
1819,male,Jane
1818,male,"Kim, Chang-Hoon"
1817,female,"Lee, Eun-Yeong"
1816,male,"Sung, Jin-Hwan"
1815,male,"Sim, Hyun-Bo"
1814,male,"Shine, DJ"
1813,male,5Zic
1812,person,"Lee, So-Young"
1811,person,"Jo, Myung-Sook"
1810,male,"Kim, Sung Gu"
1809,male,"Lee, Sun-Kyu"
1808,person,"Shim, Hyun-Seok"
1807,male,"Lee, Kyu-Ho"
1806,female,김보경
1805,female,"Lee, Jiyoung"
1804,male,"Kim, Jin Woo"
1803,female,Hager
1802,female,"Ye-Rim, Kim"
1801,person,"Cho, Euna"
1800,female,"Moon, Ji-Yeon"
1799,male,"Kim, Jin-Kyu"
1798,male,"Yoo, Hae Joon"
1797,person,"Kim, Chan-Suk"
1796,male,"Zio, DJ"
1795,person,Hyanggi
1794,male,Andy
1793,male,Zingo
1792,male,"Jung, Danny"
1791,male,"Kim, Gwang-seok"
1790,male,"Baek, Myung Han"
1789,female,"Kim, Dong Hee"
1788,person,KHTP
1787,male,Carlos
1786,male,Daehyun
1785,male,"Zhou, Mi"
1784,male,Rhymer
1783,male,"Yoo, Jee Yoon"
1782,person,Shinsadong Tiger
1781,male,L
1780,male,Kebee
1779,female,Tiffany
1778,male,D.O.
1777,female,Kim Sori
1776,person,"Jung, Dae-Wook"
1775,female,"Oh, Seunga"
1774,male,"Park, Joon Hyung"
1773,female,"Park, Bo-young"
1772,female,Ellin
1771,male,"Gang, Yun Seong"
1770,male,"Lee, Hee-Sung"
1769,female,So Yul
1768,female,"Cha, Soo Kyung"
1767,male,"Jung, Gi-Suk"
1766,male,Jun.K
1765,male,"Kang, Seung Yoon"
1764,male,"Park, Chan Yeol"
1763,male,Changmin
1762,male,YDG
1761,female,"Moon, Chae Won"
1760,male,hitchhiker
1759,female,Gain
1758,female,ZeeN
1757,person,"Kim, Jae-woo"
1756,female,Say
1755,male,"Na, Won-Joo"
1754,male,"Jo, Joon-Ho"
1753,male,"Seo, Byeong-moon"
1752,male,Foldzombie
1751,male,"Kang, Hyun Min"
1750,person,"Ahn, Seung Wook"
1749,male,"Jin-yeong, Choi"
1748,male,Yoo Se Yoon
1747,male,Jo Kwon
1746,person,"Choi, A-Rom"
1745,female,"Park, Ki-Young"
1744,male,"Orok, Shayne"
1743,female,Navi
1742,female,"Kim, Ji-Sook"
1741,male,"Yoon, Paul"
1740,male,"Seo, Jin-Shil"
1739,male,Zuno
1738,person,"Jang, Seong-kyu"
1737,person,"Moon, Chang-hwan"
1736,male,"Kim, Kyung Ho"
1735,person,Sung Hoon
1734,male,Xiumin
1733,male,"Lim, Geojung"
1732,male,"Kang, Seung-hee"
1731,female,Hani
1730,female,Dana
1729,male,Niel
1728,male,"Choi, Ye-joon"
1727,female,"Kang, Eun-Kyung"
1726,male,"Kwak, Dong-Il"
1725,person,litmus*
1724,female,Miya
1723,male,Junggigo
1722,male,"Cho, Hyung-woo"
1721,female,"Jang, Eun-A"
1720,male,Zekk
1719,male,Mika
1718,male,Digipedi
1717,female,"Kim, Boa"
1716,male,"Koo, Jun Yup"
1715,male,Lee Jung
1714,male,"Hwang, Kwang-hee"
1713,person,"Lee, Won-Yeol"
1712,male,나쑈
1711,male,"Lee, Byung-Woo"
1710,person,G.A.S.S.
1709,female,Sherie
1708,male,"Lee, Min-hyuk"
1707,female,"Kan, Mi Youn"
1706,male,Iron
1705,female,Victoria
1704,male,윤민수
1703,male,Tao
1702,person,"Joo, Na-Young"
1701,male,"Kim, Won-Yong"
1700,male,SeungRi
1699,female,"Park, Sun-Joo"
1698,male,ESTi
1697,male,"Kim, Ryeo-wook"
1696,male,"Yoo, Hyun-Sang"
1695,male,Jinu
1694,female,"Baek, Seol-hee"
1693,male,"Yoo, Won-vin"
1692,person,MAX
1691,person,"Kim, Sun-Young"
1690,male,"Joo, Young-Hoon"
1689,male,Hyun Sang
1688,female,"Ok, Ju Hyun"
1687,male,"Kim, Hee-Kwon"
1686,female,"Shin, Yeon-Ah"
1685,male,"Kim, Sang-Bae"
1684,male,Changjo
1683,female,아미
1682,male,"Jang, Sung-Woon"
1681,male,"Kim, Jun-su"
1680,person,"Yun, Gab Yul"
1679,male,"Shim, Jun-Seok"
1678,female,"Kim, Cho-rong"
1677,person,Seoul Philharmonic Orchestra
1676,male,ReiN
1675,person,"Song, Hak-Hoon"
1674,person,"Kim, Na-Eun"
1673,male,ATAS
1672,female,Yura
1671,female,"Lee, Bo Ram"
1670,female,"Kim, Yeon Ji"
1669,male,Myung-Jae
1668,female,LE
1667,female,MAY
1666,male,"Lee, Chang-sub"
1665,male,"Lee, Min-Woo"
1664,male,"Kim, Ki-bum"
1663,male,Yoon Sang
1662,female,레이디 제인
1661,male,Kai
1660,male,Dr. Simpson
1659,male,Kimbandjang
1658,male,Tey
1657,male,Onew
1656,female,"Kim, Hyeon-A"
1655,female,"Nah, Youn Sun"
1654,male,G-Jey
1653,male,"Yun, Junho"
1652,person,Skull
1651,male,"Seo, Eun-kwang"
1650,person,"Ye, Eun-su"
1649,female,"Lee, Sangmi"
1648,person,"Chung, Bobby"
1647,female,Mysterious Curtain
1646,male,KIEN
1645,female,"Lee, Yujeong"
1644,male,Double K
1643,male,"Kim, Jin Pyo"
1642,male,"Son, Ho Young"
1641,person,monicaNC
1640,male,Hcube
1639,person,"Kim, Kyoung Wook"
1638,female,"Bang, Min-Ah"
1637,male,"Park, Jin-Bae"
1636,female,Irene
1635,male,"Pyo, Geon-Soo"
1634,female,"Park, Byul"
1633,male,"Park, Jung-Min"
1632,female,"Lee, Jeong-Eun"
1631,person,KBS Symphony Orchestra
1630,person,kayip
1629,female,Seohyun
1628,male,"Park, Si-hwan"
1627,male,Steve
1626,person,"Hwang, Jung-Hoon"
1625,male,Henry
1624,person,Seokho Jeong
1623,female,NS Yoon-G
1622,male,"Kim, Yoon-Sung"
1621,female,Pika
1620,female,Zuny
1619,male,Eun-Joon
1618,male,Alex
1617,female,"Bae, Sandra"
1616,male,Gongchan
1615,male,"Lee, Tae-min"
1614,male,"Jo, Jeong-Beom"
1613,male,Jooyoung
1612,male,Junho
1611,female,Lucy
1610,female,"Min, Ji-hye"
1609,male,"Im, Ji-Hoon"
1608,male,SANY-ON
1607,person,"Yoon, Sung-Hoon"
1606,person,"Kim, Yun-Tae"
1605,female,"Lee, Hui-Jeong"
1604,male,Ohmbre
1603,male,"Park, Jung-hoon"
1602,person,"Kwon, Young-Wook"
1601,person,"Shin, Secheol"
1600,male,Yahpp
1599,person,Jung Euisuk
1598,male,LEO
1597,male,Summer of Thoughts
1596,female,banhana
1595,female,"Nam, Ji Hyun"
1594,male,"Kang, Hee-gun ""Gary"""
1593,female,deb
1592,male,"Jung, Soon-Yong"
1591,male,"Kwon, Kwang Jin"
1590,person,"Uh, Yong-Soo"
1589,female,Jiyeon
1588,female,"Lee, Hye-Ri"
1587,person,Dawny
1586,female,Dasom
1585,person,HFS+
1584,male,JB
1583,person,"Lee, Kyu-Young"
1582,person,"Jeong, Hyun"
1581,female,"Han, Hye-Jin"
1580,male,"Lee, Seung Ho"
1579,female,"Jang, Ji-soo"
1578,male,Crush
1577,person,"Kim, Yong Hwan"
1576,male,Paloalto
1575,male,"Noh, Tae-Hee"
1574,male,"Lee, Ho-Won"
1573,person,"Lee, Jang-Won"
1572,female,"Shin, Jimin"
1571,female,"Jung, Hye Sun"
1570,person,"Choi, Hoon"
1569,male,"Park, Joo-hyeon"
1568,male,Dead'P
1567,male,Nuksubshanee
1566,female,Sanch
1565,male,Nuoliunce
1564,female,"Ratise, SAYA"
1563,male,"Kim, Minkyu"
1562,male,Monoid
1561,female,Jia
1560,female,"Kim, Jae Kyung"
1559,male,J.U
1558,male,"Park, Joon Hyuk"
1557,male,"Kim, Jin-Won"
1556,male,"Kim, Jong Kook"
1555,male,"Hahn, Dae-Soo"
1554,male,"Kim, Seokjin"
1553,male,"Kim, Shin Ee"
1552,person,"Park, Hee-Young"
1551,person,"Bae, Young-Joon"
1550,male,"Park, Ji Heon"
1549,male,Eddie Shin
1548,female,"Seo, Hyun Jung"
1547,male,Mad Clown
1546,female,Youjeen
1545,male,"Hong, Seo-Bum"
1544,female,"Jang, Bo-young"
1543,male,"Jung, Yeon-jung"
1542,male,"Ji, Jun-Gu"
1541,person,trooper
1540,person,"Hong, Chong-jin"
1539,person,"Cho, Yong-ho"
1538,male,TranceMAX
1537,male,"Lee, Jae-Hoon"
1536,female,Jessica
1535,male,Jihyuk
1534,male,Shindong
1533,person,"Lee, Seung-Hee"
1532,male,"Hwang, Chan-Hee"
1531,male,FREXEQ
1530,female,muki
1529,female,"Joe, Won Sun"
1528,person,"Kim, Min Ji"
1527,female,"Sunwoo, Jung-A"
1526,person,NaBi
1525,male,Eric
1524,female,Solji
1523,female,J.Min
1522,male,"Yoon, Do-Hyun"
1521,male,ZhouMi
1520,male,"Kim, Dong-Geun"
1519,person,"Jo, Yejin"
1518,person,"Lee, YongSeok"
1517,male,"Kim, Jin Hwan"
1516,male,Koonta
1515,female,"Kwon, Yuri"
1514,male,LOCO
1513,male,Taeil
1512,male,"Gold, David"
1511,male,"Kim, Jeong-Ryeol"
1510,male,"Lee, Jung-won"
1509,male,"Choi, Jin"
1508,female,Hyomin
1507,female,"Chung, Myung-wha"
1506,male,Kim C
1505,female,Suzy
1504,male,"Kim, Chang-Yik"
1503,person,"Seo, Dae-Gwang"
1502,male,"Yoon, J."
1501,female,"Kim, Ei Ji"
1500,female,Lala
1499,male,Sungjong
1498,female,Narsha
1497,male,"Kim, Nam-Yoon"
1496,person,"Kim, Min-seok"
1495,female,"Kim, Chöng-ja"
1494,female,"Choi, Hee-Jin"
1493,male,"Yoon, Kye Sang"
1492,person,"Kim, Min-Joon"
1491,male,"Yu, Seong Eun"
1490,male,"Kwon, Seon-Uk"
1489,male,Taecyeon
1488,person,HiTaZ
1487,male,Sean
1486,female,Locomotive
1485,male,"Kim, Sarang"
1484,female,"Park, Hye Kyung"
1483,male,Digiry
1482,female,Wheein
1481,person,"Baek, Seung-Hwa"
1480,person,KRX
1479,person,"Kim, Min Soo"
1478,person,"Park, Jiwoon"
1477,female,Ga-In
1476,female,"Jung, Halee"
1475,male,Teddy
1474,male,"Go, Myung-won"
1473,male,P-Type
1472,person,Pyha
1471,male,"Lee, Jin Ki"
1470,person,"Min, Sun Ye"
1469,female,Kim Hye In
1468,person,"Bae, Hoon"
1467,male,"Hwang, Chansung"
1466,male,"Lee, Jung-heun"
1465,person,"Sohn, Hyun"
1464,female,쥬니
1463,male,Kanto
1462,male,AOORA
1461,male,"Kim, Jong Seo"
1460,male,Micky
1459,female,Jessi
1458,male,Baekkyung
1457,person,junjaman
1456,male,"Jung, Dae Hyun"
1455,male,Hareem
1454,male,ZELO
1453,person,"Jung, Joosik"
1452,female,"Lee, Hyori"
1451,person,east4A
1450,person,bbangsami
1449,male,RAIN
1448,female,"Chung, Kyung-Wha"
1447,male,"Kim, Soo-hyun"
1446,male,"Kim, Daeinn"
1445,male,Lay
1444,male,"Lee, Jee Hoon"
1443,male,"Kim, Nae-Hyeon"
1442,female,"Shin, Soo-Jin"
1441,female,Mellow
1440,male,"Hwang, Byungki"
1439,male,"Jeong, Jae Yun"
1438,male,"Heo, Se-woong"
1437,female,Ji Sun
1436,female,"Park, Se-Jin"
1435,male,"Cho, Seung-Woo"
1434,person,R2
1433,male,"Jung, Sungha"
1432,male,"Choi, Seok-Joon"
1431,male,"Yoon, Il-Sang"
1430,person,Yearam
1429,male,"Kim, Hyun-Chul"
1428,male,"Jung, Joon-ho"
1427,female,"Kim, Yuna"
1426,male,"Chung, Won Young"
1425,male,Kevin
1424,female,Sowon
1423,female,Jihae
1422,male,"Park, Kyung"
1421,male,DJ Dopsh
1420,male,Yiruma
1419,person,NeLiME
1418,male,Huckleberry P
1417,person,Polka Polka
1416,female,Hyorin
1415,male,"Park, Jin Young"
1414,male,Sungje
1413,female,"Lim, Min-ji"
1412,male,Nodo
1411,male,"Kim, Taehyung"
1410,male,"Heo, Joon"
1409,male,"Park, Ho-young"
1408,male,Hwanhee
1407,male,Junjin
1406,male,"So, Myung"
1405,male,Deoky
1404,male,MUE
1403,male,"Jeong, Hun-Tae"
1402,female,"Koh, Woo-Ri"
1401,person,Microdot
1400,person,"Kim, Song-Jin"
1399,male,"Oh, Seung-Keun"
1398,male,"Ahn, Tony"
1397,person,"Han, Si-hyeon"
1396,male,"Heo, Yong-Suk"
1395,male,"Cho, Yong Pil"
1394,person,"Lee, Jung-Woo"
1393,person,"Kim, Do-hoon"
1392,male,Jaehyo
1391,female,Yu Na
1390,male,Loptimist
1389,female,Fei
1388,person,PJ Gun
1387,male,"Park, Jong-Hyun"
1386,male,"Choi, Hee-Cheol"
1385,person,"Lee, Sung-Woo"
1384,person,"Lee, Han Jin"
1383,female,Bada
1382,male,Spacecowboy
1381,male,"Lee, Jang-Woo"
1380,male,Hanhae
1379,person,"Um, Tae-Hwan"
1378,male,"Hwang, Jeong-Gwan"
1377,male,RM
1376,person,"Oh, Jung-Suk"
1375,male,"Choi, HyunSeok"
1374,male,"Yong, Jun Hyung"
1373,male,Forte Escape
1372,male,"Park, Chul-Woo"
1371,female,"Kim, Yoo Bin"
1370,male,"Son, Dong-Woon"
1369,male,Simon Dominic
1368,female,"Kim, Nam-joo"
1367,male,"Ok, Taecyeon"
1366,person,"Shin, Jae-Pyung"
1365,male,Jeong Min
1364,male,492
1363,person,"Lee, Jung-Hoon"
1362,female,"Park, Shin Hye"
1361,female,"Lee, Ji-In"
1360,female,Dohee
1359,female,Yuri
1358,male,"Lee, Joon"
1357,male,The one
1356,male,Black Nut
1355,female,"Park, Cho Rong"
1354,female,Zia
1353,female,"Lee, Sun Hee"
1352,male,"Koo, Chang Mo"
1351,male,Sima
1350,person,"Choi, Jong-Hoon"
1349,female,"Kim, Hee-sun"
1348,female,"Lim, Hyun-Jung"
1347,female,Soyou
1346,male,Choi
1345,male,"Lim, Seul Ong"
1344,male,"Kim, Tae-Hoon"
1343,person,"Kim, Sön-han"
1342,male,B-Free
1341,male,"Choi, Jae-Ho"
1340,female,Miz
1339,male,BLOODMOON
1338,male,K.Will
1337,female,WAX
1336,male,최정훈
1335,male,"Kim, Joong-Woo"
1334,male,JC
1333,person,"Kang, Hyun-Jeong"
1332,male,Kill
1331,person,Unpretty Rapstar
1330,person,"Lee, Yong-Won"
1329,male,Verbal Jint
1328,female,"Jeong, Hui-Yeong"
1327,male,"Meta, MC"
1326,male,"An, Young-Min"
1325,male,"Jung, Jae Hyung"
1324,male,"Kim, Jin-Man"
1323,female,Sunny
1322,female,Sojin
1321,female,"Lee, Ji-Hye"
1320,female,"Lee, Ja-Yeon"
1319,male,"Bang, Yongguk"
1318,female,"Cha, Hyosun"
1317,male,San E
1316,male,"Lee, Soo-Man"
1315,female,소향
1314,male,G.Soul
1313,person,"Jang, Hyo-Seok"
1312,female,"Yoon, Mi Rae"
1311,person,SPD.Ham
1310,male,L.JOE
1309,person,K-Run
1308,male,"Yang, Hyun Suk"
1307,male,"Park, Yong Ha"
1306,male,Chakun
1305,person,"Lee, Kyung-Hee"
1304,female,Seoryang
1303,female,Yurina
1302,female,"Lee, Tzsche"
1301,male,"Yoon, Jeong-oh"
1300,male,Chunji
1299,person,"Jung, Jae-Hyun"
1298,female,"Kim, Tae-Young"
1297,male,"Cha, Hun"
1296,male,"Kang, Hyuk-Jun"
1295,male,"Shin, Hye Sung"
1294,male,Roy Kim
1293,male,"Shin, Bong-gun"
1292,female,"Jeong, You Yeon"
1291,female,"Park, Boram"
1290,male,Bumkey
1289,male,"Kim, Ji-Hoon"
1288,male,"Cho, Seung-Koo"
1287,male,"Hwang, Se-Joon"
1286,person,Digital Masta
1285,female,Fromm
1284,male,"Lee, Won-Suk"
1283,female,Nana
1282,male,PJ
1281,male,"Yoo, Byeong-Ryeol"
1280,male,"En, Andy"
1279,male,HYUNGWON
1278,male,Shin Joong Hyun
1277,male,Shorry J
1276,person,"Kim, Neung-Woon"
1275,male,Yankie
1274,male,Bizzy
1273,female,Poty
1272,male,"Woo Paik, Kun"
1271,male,"Soulscape, DJ"
1270,female,"Jeon, Ji Yoon"
1269,female,"Kim, Hye-Seon"
1268,male,SKY
1267,male,"Jeong, Jin Woon"
1266,male,Brian
1265,person,"Park, Yoo Chun"
1264,person,"Yang, Yön-söp"
1263,person,NORAZO
1262,female,"Song, Jieun"
1261,female,"Jung, Dawoon"
1260,group,Defconn
1259,male,"Kim, Jo Han"
1258,female,CL
1257,male,Wooyoung
1256,male,"Gil, Sung-Joon"
1255,male,"Ha, Kyung"
1254,female,SIN*SKI
1253,female,"Lim, HJ"
1252,person,"Song, June-Woo"
1251,male,Clazzi
1250,female,"Choi, Soo-young"
1249,female,Min
1248,male,"Park, Soo-Il"
1247,male,"Jang, Sung-Woon"
1246,person,"Ahn, Bok-Jin"
1245,person,"Kim, Ki-Bum"
1244,male,"Park, Yoon-Sik"
1243,female,Soya
1242,male,"Jeong, Sang-Hoon"
1241,female,Seol Hyun
1240,person,"Kim, Jae Joong"
1239,male,"Im, Jeong-u"
1238,female,Kwon Hellen
1237,male,"Kim, Ho-Il"
1236,female,"Lim, Hyo-Sun"
1235,person,"Jo, Sung-Joon"
1234,female,"Nam, Gyu Ri"
1233,male,"Kwon, Gi-Wook"
1232,female,Nobunaga
1231,person,"Jo, Yun-Seok"
1230,male,"Song, Min Ho"
1229,male,KIXS
1228,person,"Kim, Junsung"
1227,male,Jung Yub
1226,male,"Ahn, Eak-tai"
1225,female,Esther
1224,male,Lu Han
1223,male,"Shin, Jae-Hong"
1222,male,"Lee, Won-Sang"
1221,male,"Gong, Tae Woo"
1220,male,C.A.P
1219,male,"Kim, Bum Soo"
1218,person,"Kim, Yang-su"
1217,male,"Hwang, Toby"
1216,person,Louviet
1215,female,Gyepi
1214,male,"Jo, Seong-wook"
1213,male,유열
1212,male,"Lee, Seung Chul"
1211,male,LeeZu
1210,male,R-est
1209,male,"Lee, Nicky"
1208,male,Skull
1207,male,Chelp
1206,male,JN
1205,male,"Sung, Si Kyung"
1204,female,Nicole
1203,female,"Song, Jin-Ah"
1202,male,PSY
1201,male,"Cheung, Woo Jin"
1200,male,"Lim, Ki Hoon"
1199,male,"Fany, Joe"
1198,male,"Cho, Kyu-Man"
1197,male,Choiza
1196,male,Topbob
1195,male,"Sim, Seong-Rak"
1194,male,노블레스
1193,female,"Sung, A"
1192,male,Seungho
1191,female,Sol Flower
1190,person,"Cho, Se-hee"
1189,female,Sulli
1188,male,"Lee, Kyung Seob"
1187,male,"Shin, Joong-Hyun"
1186,person,"Kim, Sang Hoon"
1185,male,Na-Moo
1184,male,TMDC
1183,male,"Kim, Ji Soo"
1182,male,"Kim, Jung Min"
1181,male,Dongho
1180,male,"Lee, Jae-Jin"
1179,male,"Park, Hong-jun"
1178,person,HaruSabin
1177,female,"Kim, Jung Mi"
1176,female,"Kang, Min Kyung"
1175,male,"Lee, Sang-Hyeok"
1174,male,"Kim, Kyu-jong"
1173,male,"Yoon, Gun"
1172,female,"Song, Dae-Kwan"
1171,person,Malo
1170,female,Shoo
1169,female,Jinsil
1168,male,"Kim, Mu-sang"
1167,person,Moowoong
1166,female,"An, Da-Eun"
1165,female,You Kyung
1164,male,"Yang, Yoseob"
1163,male,"Lee, Jae Won"
1162,person,"Kim, Tae-hwan"
1161,person,"Im, Ji-Young"
1160,person,EVAN
1159,female,"Lee, Yoon Ju"
1158,male,RAINBOW99
1157,male,"Sin, SeongHo"
1156,male,"Lee, Chang-hyeon"
1155,female,Wataame
1154,female,"Kang, Ji Young"
1153,female,Sunny
1152,male,Kang Ta
1151,male,"Kim, David"
1150,female,Jiyeon
1149,female,"Yoon, Seong-Hee"
1148,male,"Kim, Su-Yeol"
1147,female,Gummy
1146,female,"Cho, Ji-In"
1145,person,Dukwon
1144,female,Jee-Won Oh
1143,female,"Yoon, Bo-mi"
1142,person,Mannpi
1141,female,Gilme
1140,male,"Moon, Hee Jun"
1139,male,Mithra Jin
1138,female,"Sung, Shi-Yeon"
1137,male,"Jeong, Ji Hun"
1136,male,"Choi, Tae-Wan"
1135,male,"Ko, Ki-beom"
1134,female,"Yoo, Sung Eun"
1133,female,Sun Ha
1132,male,Yunhak
1131,male,"Lee, SangYun"
1130,male,"Kim, Chang Hwan"
1129,male,"Lee, Yong-Min"
1128,female,Hoody
1127,male,Leeteuk
1126,male,"Tukutz, DJ"
1125,person,"Song, Kwang Sik"
1124,male,Bobby
1123,female,"Kim, Hyo-Soo"
1122,male,"Jo, Young-wook"
1121,female,"Jo, Hyuna"
1120,person,Jandi
1119,female,"Park, Jung-hyun"
1118,male,Peniel
1117,male,"Kim, Sung-Keun"
1116,male,Eric
1115,female,Hyeri
1114,male,"Park, Keun-Tae"
1113,female,"Ko, Annie"
1112,male,류재현
1111,female,"Son, Dam Bi"
1110,male,"Lee, Jae-Kyung"
1109,person,"You, Jung-Kyun"
1108,male,Max Changmin
1107,male,"Park, Sung-Gyu"
1106,male,"Yoo, Young Jae"
1105,female,"Lee, Soo Young"
1104,female,전해림
1103,female,"Kye, Eunsook"
1102,male,DGURU
1101,person,EunoH
1100,male,"Choi, Seong-Won"
1099,person,Bakamin
1098,female,Jane
1097,male,Gunwoo
1096,male,"Lee, Byung-hun"
1095,male,Hyun Seong
1094,male,Dong Hyun
1093,male,Nam Woo-hyun
1092,male,Goguma
1091,male,"Jeong, Hyeong-don"
1090,female,"Choi, Jin-Yi"
1089,male,RMHN
1088,female,"Woo, Soon-Shil"
1087,male,Maboos
1086,female,Hwang Bo
1085,male,Taebin
1084,male,"Kim, In-Soo"
1083,female,Chae Yeon
1082,male,Kangin
1081,male,MC Mong
1080,female,"Kim, Su-Ji"
1079,male,"Lee, Gi-kwang"
1078,female,"Yoon, Soyoung"
1077,female,Sorri
1076,male,"Kim, Yoon-Joo"
1075,male,Gyung-E
1074,person,Nor
1073,male,"Kim, Sung Myeon"
1072,male,"Kim, Hyung Joong"
1071,female,"Kim, Hyun Jung"
1070,male,임재범
1069,person,"Jung, Wook-Jae"
1068,male,Yesung
1067,male,Kyuhyun
1066,female,Narae
1065,male,"Park, Kwanghyun"
1064,male,"Lee, Junho"
1063,female,"Lee, Hye-Yeong"
1062,male,"Kim, Dong-Hyeon"
1061,male,"Lee, Seock-Jin"
1060,person,"Kim, Moon-Hee"
1059,male,박성진
1058,person,"Jung, Joo-Hyun"
1057,female,"Kim, Sung Hee"
1056,male,Cho-PD
1055,male,Heechul
1054,male,"Fukagawa, Tetsuya"
1053,female,Lisa
1052,female,"Park, Mi Kyung"
1051,person,"Kim, Sang-Hyuk"
1050,male,"Jo, Jae-Beom"
1049,male,"Kim, Jong-dae"
1048,male,"Moon, Jong Up"
1047,male,"Nam, Goo-Min"
1046,male,"Park, Seo Joon"
1045,female,Miryo
1044,male,"Lee, Jong Soo"
1043,male,TUNE
1042,male,Doin
1041,person,DJ Zeku Pointee
1040,male,"Kim, Tae Woo"
1039,female,Kim Greem
1038,male,"Lee, Seung Hoon"
1037,person,"Yoon, Hyung-Ro"
1036,person,"Jeon, Kyu-Ho"
1035,female,Yukari
1034,female,"Goo, Hara"
1033,person,"Kusano, Yuka"
1032,male,"Kwon, Seong-min"
1031,male,"Lee, Hyeon-Song"
1030,person,"Jung, Sang-Kwon"
1029,male,K
1028,male,Sorrow
1027,person,"Kim, Won-Gu"
1026,female,Jadu
1025,person,"Jeon, Ja-Yang"
1024,male,"Kim, Yong-Rin"
1023,person,T'ache
1022,female,"Lim, Jeong Hee"
1021,male,Kai
1020,female,Karea
1019,male,제이준
1018,female,"Jeong, SooNyun"
1017,male,MYK
1016,male,"Cho, Kyu-hyun"
1015,male,"Yoo, Keon-Hyung"
1014,male,"Yoo, Jae-suk"
1013,female,"Park, Jung Ah"
1012,male,"Won, Jang-hyun"
1011,female,"Jung, Eun-Sue"
1010,male,"Jung, Yong Hwa"
1009,female,"Ahn, So-hee"
1008,male,"Cha, Seung-Woo"
1007,person,"Cha, Sae-Jung"
1006,male,"Im, Hyung-Rae"
1005,male,Dopesun
1004,male,"Ahn, Jun Sung"
1003,female,JUNIEL
1002,male,Hyunbin
1001,female,Stephanie
1000,male,"Yoon, Jong-shin"
999,male,Choice37
998,male,"Lee, Joo-Noh"
997,female,"Lighthouse, The"
996,male,Lozik
995,female,"Park, Bom"
994,female,"Kim, Young-Ah"
993,male,"Kim, Sung-kyu"
992,male,"Lee, Jong Hyun"
991,female,"Jang, Yoon Jeong"
990,male,"Lee, Sang-Soon"
989,female,"Park, Narae"
988,female,JiNi
987,male,"Kwon, Ji-Yong"
986,person,"Hwang, Bo-Ra"
985,female,"Lee, Ji-Yoon"
984,male,"Park, Seung-Bin"
983,person,"Kim, Neung-So"
982,male,"Jung, Joon-young"
981,person,"Lee, Ji-hun"
980,male,Crucial Star
979,male,"Kim, Jung Wook"
978,female,IU
977,male,Yong-Won Sung
976,male,LogicX
975,male,Kiseop
974,male,Sandeul
973,male,"Jang, Dae-Seong"
972,male,"Jung, Jin-wook"
971,male,RBS
970,person,Kuro
969,male,"Kim, Seung-Hyeon"
968,female,Amber
967,female,"Kim, Hyun-myung"
966,person,Oh-Jay
965,male,"Han, Jin-Young"
964,person,"Lee, Han-Joo"
963,male,"Ryu, Jeon-Yeol"
962,male,"Lee, Jang Hyuk"
961,male,"Kim, Seung-Jae"
960,male,Jinyoung
959,male,"Roh, Ji Hoon"
958,male,"Kang, Min Hyuk"
957,male,J-Hope
956,male,Soda
955,female,"Jun, Hyoseong"
954,male,Sungyeol
953,male,Mando
952,male,"Kim, goo"
951,male,"Kim, Jeong-Wook"
950,female,Hwayoung
949,male,"Jung, Yeon-Joon"
948,male,"Park, Min-Woo"
947,male,"Seo, Woo-Young"
946,female,"Kim, Yuna"
945,female,YoonA
944,female,"Han, Hyeon-Nam"
943,male,"Kwon, Soon-Kwan"
942,male,"Augh, Dringe"
941,person,Ciel
940,male,"Choi, Jin Hyuk"
939,male,Donghae
938,male,DanDi
937,person,TAPi
936,male,"Seo, In Guk"
935,male,"Min, Yoongi"
934,male,XIA
933,female,Soomy
932,male,Seyong
931,male,"Lee, Sung-Wook"
930,person,RealDreamer
929,male,"Kim, Jong Wan"
928,male,Jay
927,female,Haewon
926,male,"Choi, Gyung-Hoon"
925,male,Jonghyun
924,female,sona
923,male,"Shin, Myeong-Ho"
922,female,motherdoll
921,female,"Chang, Han-Na"
920,male,"Yoo, Han Jin"
919,female,"Cho, Hyun-Young"
918,male,Hyundoo
917,male,Mowg
916,female,Taeyeon
915,male,"Park, Hyo Shin"
914,person,Kibum
913,male,"Lee, Jae Hak"
912,male,Kidoh
911,male,"An, Seong-Il"
910,female,JIN
909,person,"Lim, Jung-Gil"
908,male,"Shin, G-Yong"
907,male,"Shin, Dae-Chul"
906,female,Minah
905,male,Bi
904,female,Geol
903,male,TKO
902,female,"Shin, Yeahwon"
901,male,"Kwak, Young Jun"
900,female,Sunmi
899,person,"Han, Sung-Chul"
898,group,Haha
897,female,EunB
896,male,"Kim, Yong-jun"
895,female,"Ushkowitz, Jenna"
894,female,Itta
893,male,Taeyang
892,male,"Cho, Young Soo"
891,male,"Lee, Sung-min"
890,male,M
889,male,"Kim, Hyun-wook"
888,female,Jiseon
887,person,"Lee, Sang-Hoon"
886,male,Insoo
885,male,"Kim, Hee-chul"
884,male,"Nam, Tae Hyun"
883,male,"Lee, Dong Gun"
882,female,"Lee, Hye-yeon"
881,male,KUSH
880,male,Optical Eyez XL
879,male,Jinbo
878,female,"Woo, Ji-Hae"
877,male,"Park, Tony Dong-Eui"
876,female,mansu
875,male,"Kim, Jae Hyun"
874,male,"Moon, Ji-Hoon"
873,male,Soul One
872,female,Jang Nara
871,male,"Chung, Myung-Whun"
870,female,Byul
869,male,Sanchez
868,male,Tablo
867,male,Lim Yoon Taek
866,person,조명진
865,person,"Kim, Kyeong-Ju"
864,female,Gum-mi
863,female,mink
862,male,"Jung, Seok-yea"
861,male,KIHYUN
860,male,"Lee, Jun Ki"
859,female,"Han, Ji-min"
858,person,"Gang, Yeon-gyeong"
857,male,1
856,person,"Kim, Na-jung"
855,male,"Kim, Young-min"
854,person,"Shin, Jihyun"
853,male,"Lim, Hyun-sik"
852,male,"Choi, Chul-Wook"
851,female,Tymee
850,male,"Kim, Dong-hyun"
849,male,"Lee, Sang-geun"
848,female,"Jo, Sumi"
847,male,"Kim, Hyung Jun"
846,person,"Bamboo, DJ"
845,male,"Do, Kyung-soo"
844,female,Boram
843,male,"Kim, Han-sol"
842,male,Bak Chi Gi
841,female,"Lee, Eun-Mee"
840,male,"Kim, Minjun"
839,female,"Chae, Rina"
838,female,Yozoh
837,male,"Ryu, Si-won"
836,person,"Kwon, Soo-hyeon"
835,person,Espionne
834,male,"Choi, Min-sik"
833,female,"Bang, In-Ju"
832,person,Tak
831,female,Cho A
830,male,Pento
829,male,"Bae, Il-Ho"
828,male,Giriboy
827,male,Soulman
826,male,"Oh, Ji-Eun"
825,female,"Lee, So Ra"
824,male,"Romeo, Mikey"
823,female,"Son, Seong-Je"
822,male,"Park, Hyung-sik"
821,male,"Kim, Bada"
820,male,Hoya
819,female,Lizzy
818,female,"Sung, Yu Ri"
817,person,Subway
816,female,ALi
815,person,Beige
814,male,"Lee, Min-ho"
813,person,"Han, Hyunchang"
812,male,Song Joong-ki
811,person,"Kim, Tae-Gook"
810,male,"Choi, Joon-Young"
809,male,tacat
808,male,"Magik Cool J, DJ"
807,male,Ken
806,person,"Lee, Jin Sung"
805,male,Tae Wan
804,female,Jiin
803,person,RAVE
802,male,"Lee, Ki-Yong"
801,female,"Yoon, Eun Hye"
800,person,"Suh, Seung-Hee"
799,male,"Lee, Min-ki"
798,male,김윤석
797,male,"Yun, Hyung-Jin"
796,male,"Kang, Hee-Gun"
795,male,Allen Kibum
794,female,"Lee, Hae Ri"
793,male,"Ji, Chang Wook"
792,male,Jungmo
791,male,"Park, Myung-soo"
790,male,"Bang, Joon-Seok"
789,male,J'Kyun
788,male,"Yook, Sung-jae"
787,male,JINO
786,male,"Jo, Kyu Chan"
785,male,Cheondung
784,male,ZerA
783,male,"Song, Wonny"
782,male,"Kim, Nam-joon"
781,male,"Kim, Dong Wan"
780,male,Woo Taewoon
779,female,"Han, Hee-Jeong"
778,male,Sentimental Scenery
777,female,"Chin, Unsuk"
776,male,"Lee, Soo Ryun"
775,person,"Lee, Juno"
774,female,"Im, I-rang"
773,male,Ruvin
772,male,Stepic
771,female,Ruriling
770,male,Eli
769,person,"Kang, Sa-jun"
768,female,Noeul
767,person,PEENA
766,male,Baro
765,male,"Black Skirts, The"
764,male,Gun Eill
763,male,"Yoon, Chul-Jong"
762,male,"Lee, Seung-hyun"
761,person,"Lee, Kyung-Sun"
760,male,OTAR
759,person,Taramaxu
758,male,"Kim, Hyeon-Seong"
757,person,FOX-B
756,person,Jerry.K
755,female,Jubi
754,male,"Sohn, Moo Hyun"
753,female,Horan
752,female,"Park, Ye Eun"
751,male,"Kim, Hyeong-Seok"
750,male,Sehun
749,female,"Lee, Yin Gyoung"
748,male,LiTaNia
747,female,Baby Soul
746,female,Kota
745,female,설탕로
744,female,"Williams, Shannon"
743,person,S.Rayz
742,male,Zion.T
741,male,"Yim, Young Jun"
740,female,"Hei-Kyung, Hong"
739,female,Taru
738,female,Insooni
737,male,"Lee, Sang-Myeon"
736,male,Chansung
735,male,"Choi, Si-won"
734,male,Naul
733,male,"Park, Jay"
732,male,U-Kwon
731,male,"Ha, Hyun-Woo"
730,male,Sungmo
729,person,YaenheaD
728,male,"Yun, Isang"
727,male,"Lee, Dong-hae"
726,male,"Kim, Jin-Tae"
725,female,"Jang, Jae In"
724,male,Tiger JK
723,male,"Kwon, Goo-Hee"
722,person,"Choi, Jaehyuk"
721,person,Keep Roots
720,male,Mellow
719,male,"Park, Sang Min"
718,female,Lency
717,male,"Lee, Seung-Hwan"
716,male,wigen
715,male,Moon Myung Jin
714,female,"Heo, Young Ji"
713,male,G-Dragon
712,person,Yung Joon
711,female,"Lee, Soo Mi"
710,person,Slowsmith
709,female,"Jeong, Yoon-hye"
708,female,Whiru
707,male,"Han, Geng"
706,female,Joo
705,female,Kenzie
704,male,"Lee, Joo-Hyun"
703,female,"Jung, Eun-ji"
702,female,IVY
701,male,JunQ
700,male,"Kim, Dong-Ryul"
699,female,"Han, Sunhwa"
698,male,"Shin, In Soo"
697,female,"Hwang, Ji-Sun"
696,male,"Quiett, The"
695,male,Flowsik
694,person,김영민
693,male,Big Phony
692,female,Hae Won Chang
691,male,Brave Brothers
690,female,Luna
689,male,ZICO
688,person,"Lee, Yonghee"
687,male,Soohyun
686,female,mzet:-p
685,female,Enzo.B
684,female,"Kim, Hyo-yeon"
683,male,BOBBY
682,male,"Seong, Nak-Won"
681,male,"Shin, Hae Chul"
680,male,E-Sens
679,female,Earip
678,male,Key
677,person,"Kim, Tae-söp"
676,female,"Choi, Yuna"
675,female,Bora
674,female,"Nam, Sang-Ah"
673,female,Eunjung
672,male,"Han, Sang-Won"
671,female,"Son, Na-eun"
670,male,"Park, Chang-Hak"
669,male,"Lee, Geun-Yeong"
668,person,"Song, Mugon"
667,male,"Hwang, Myeong-Su"
666,male,"Seo, Taiji"
665,person,"Yang, Andy"
664,male,"Ru-ma, Lee"
663,male,"Choi, Min-Gyu"
662,person,Aeon
661,group,Dasoni
660,group,blady
659,group,Sunny Hill
658,group,Chocolat
657,group,The 5 Emperors
656,group,LA.G
655,group,G.O.D
654,group,Kara
653,group,INFINITE H
652,group,Loveholic
651,group,Uptown
650,group,AOA
649,group,LOVELYZ
648,group,a s red
647,group,Kakao 19.8%
646,group,Glen Check
645,group,Nickea
644,group,Apink
643,group,N-SONIC
642,group,"Electric Eels, The"
641,group,4minute
640,group,24K
639,group,chocolate
638,group,Choshinsung
637,group,Honey Family
636,group,Idiotape
635,group,ChocoCream Rolls
634,group,Lobotomy
633,group,H.O.T.
632,group,Piggy Dolls
631,group,MYNAME
630,group,MR.MR
629,group,Rumble Fish
628,group,bobgirls
627,group,"Barberettes, The"
626,group,Leessang
625,group,Svedhous
624,group,Sweet Sorrow
623,group,100%
622,group,CROSS GENE
621,group,Brown Eyes
620,group,Sunny Days
619,group,SPICA.S
618,group,Five Dolls
617,group,SISTAR19
616,group,No Brain
615,group,new f o
614,group,TBNY
613,group,UV
612,group,"RockTigers, The"
611,group,Wassup
610,group,Tashannie
609,group,Julia Hart
608,group,Humming Urban Stereo
607,group,Synthikate
606,group,one piece
605,group,Ibadi
604,group,bladi sowl
603,group,pipiband
602,group,Master Plan X Happy Robot
601,group,Serengeti
600,group,Curium
599,group,EXO-M
598,group,TROY
597,group,HALO
596,group,Fly to the Sky
595,group,Pretty Rangers In the Terrible Zone
594,group,CNBLUE
593,group,MADTOWN
592,group,ODD EYE
591,group,Misty Blue
590,group,REF
589,group,Tiny-G M
588,group,HISTORY
587,group,TAHITI
586,group,adaily
585,group,Delight
584,group,CB Mass
583,group,Orange Caramel
582,group,SQUARE MUSIQ
581,group,Hanumpa
580,group,Linus' Blanket
579,group,Gangkiz
578,group,V.E.I.L
577,group,Girls' Generation-TTS
576,group,S.F.A
575,group,Nahu
574,group,RaNia
573,group,LC9
572,group,Infinite Loop
571,group,F.I.X
570,group,DOZ
569,group,"Jadu, The"
568,group,S.M. THE BALLAD
567,group,ArcStar
566,group,chaness
565,group,Cheon Sang Ji Hee The Grace
564,group,HOTSHOT
563,group,Supreme Team
562,group,achime
561,group,2YOON
560,group,2NE1
559,group,Common Ground
558,group,M.Pire
557,group,BIGSTAR
556,group,긱스
555,group,Bay.B
554,group,24Hours
553,group,Brown Eyed Girls
552,group,Block B
551,group,Trampauline
550,group,Chocolate Powder
549,group,Deux
548,group,Super Junior Happy
547,group,F.Cuz
546,group,Rainbow Pixie
545,group,Stellar
544,group,A Moonlight Fairy's Comeback with a Grand Slam Home Run
543,group,Dancing Genome
542,group,Gensou Bakery
541,group,The The
540,group,Sweet Dot Report
539,group,LADIES’ CODE
538,group,Namolla Family
537,group,Imoned
536,group,Zitten
535,group,Nell
534,group,Seo Taiji & Boys
533,group,Heart Shake
532,group,필베이
531,group,UNIQ
530,group,a s blue
529,group,Bluedawn
528,group,라즈베리 필드
527,group,SIX BOMB
526,group,Strawberry Milk
525,group,INC
524,group,U-KISS
523,group,Girl's Day
522,group,Yanghwajin Band
521,group,Fin.K.L
520,group,YB
519,group,Oneway
518,group,Side-B
517,group,Gate Flowers
516,group,BOYFRIEND
515,group,AlphaBAT
514,group,Kafka
513,group,B.I.G / Boys In Groove
512,group,Bubble Sisters
511,group,Crying Nut
510,group,Toy
509,group,hyukoh
508,group,lalasweet
507,group,HELLO VENUS
506,group,"DOC, DJ"
505,group,Super Junior-D&E
504,group,DMTN
503,group,Apollo 18
502,group,DOT
501,group,INFINITE
500,group,VIXX LR
499,group,BTOB
498,group,Roo' Ra
497,group,Soul Steady Rockers
496,group,Pro C
495,group,Coreyah
494,group,Chang Ki-Ha and the Faces
493,group,Electroboyz
492,group,T-ara N4
491,group,A-PRINCE
490,group,제이심포니
489,group,Pentavision Entertainment
488,group,따로 또 같이
487,group,Secret
486,group,Loveholics
485,group,unknownDJs
484,group,Diesel Eater
483,group,Davichi
482,group,Dark Ambition
481,group,harrybigbutton
480,group,4TEN
479,group,Dopesun & LogicX
478,group,Click-B
477,group,Pinodyne
476,group,Super Junior
475,group,A.N.JELL
474,group,T-Max
473,group,Cool
472,group,Apls
471,group,Garion
470,group,Rock 'n' Roll Radio
469,group,Toheart
468,group,Seoul Electric Band
467,group,Gaia
466,group,f(x)
465,group,Bulssazo
464,group,Kiss
463,group,mukimukimanmansu
462,group,Hawaaii
461,group,Muhan Dojeon
460,group,Vibe
459,group,Dulsori
458,group,Baby V.O.X
457,group,Rainbow Blaxx
456,group,"Shin, Joong Hyun & Yup Juns"
455,group,언터쳐블
454,group,AA
453,group,bbde girl
452,group,"Koxx, The"
451,group,T-ARA
450,group,Yellow Monsters
449,group,Glam
448,group,smileg
447,group,Diva
446,group,1PUNCH
445,group,SmackSoft
444,group,I Love JH
443,group,INNOCENT STARS
442,group,Mahogany King
441,group,Play the Siren
440,group,HIGH4
439,group,PHANTOM
438,group,Cyber Drink Time
437,group,2PM
436,group,Cloud Cuckoo Land
435,group,BIGFLO
434,group,BanYa
433,group,Topp Dogg
432,group,TPRO
431,group,Tiny G
430,group,4MEN
429,group,Necramyth
428,group,Fifteen And
427,group,B1A4
426,group,TEEN TOP
425,group,Uh Uh Boo Project
424,group,TENSI LOVE
423,group,Crossbones (Korea)
422,group,5URPR!SE
421,group,S
420,group,Terrormight
419,group,Sangjuna
418,group,C-Real
417,group,015B
416,group,NU'EST
415,group,Berry Good
414,group,Stony Skunk
413,group,HI SUHYUN
412,group,YMGA
411,group,트랜디
410,group,Cradle Edge
409,group,As One
408,group,Mate
407,group,Acoustic Collabo
406,group,3rd Coast
405,group,BPPOP
404,group,SHINee
403,group,Sinawe
402,group,Standing Egg
401,group,Gavy NJ
400,group,Starship Planet
399,group,Lucite Tokki
398,group,NOVEL ENGINE
397,group,SWAN
396,group,Autumn Vacation
395,group,2eyes
394,group,NOVAPLANT
393,group,W&Whale
392,group,KBP
391,group,로빈이 토끼란 사실을 알고 있었나
390,group,Take
389,group,SS501
388,group,A-JAX
387,group,H2O
386,group,Super Junior M
385,group,Lonely H's Band
384,group,OH MY GIRL
383,group,Apink BnN
382,group,Deli Spice
381,group,Ares
380,group,Sad Legend
379,group,Melody Day
378,group,BIGBANG
377,group,Skarf
376,group,Han’s Band
375,group,Ulala Session
374,group,SeeYa
373,group,BASTARZ
372,group,Lowdown 30
371,group,Roll Sp!ke
370,group,The Barberettes
369,group,akor
368,group,오프로드
367,group,MOT
366,group,Brave Girls
365,group,alice white
364,group,Clinah
363,group,MBLAQ
362,group,Songolmae
361,group,EXID
360,group,Trouble Maker
359,group,Rainbow
358,group,WINNER
357,group,Mimi Sisters
356,group,Eluphant
355,group,Roller Coaster
354,group,JTL
353,group,TOXIC
352,group,Central Noise
351,group,Secret
350,group,Bangtan Boys
349,group,Brave Guys
348,group,After School
347,group,84ly
346,group,Younique Unit
345,group,soundTeMP
344,group,COED School
343,group,RUX
342,group,Seventeen
341,group,Urban Zakapa
340,group,Galaxy Express
339,group,Turbo
338,group,Soran
337,group,2AM
336,group,Women Power
335,group,D-Unit
334,group,Casker
333,group,꽃잠 프로젝트
332,group,Aerial Lake
331,group,"Ark, The"
330,group,mintCOOKIE
329,group,Ensemble Jong Nong Ak Ohô
328,group,BESTie
327,group,uBEAT
326,group,R.ef
325,group,B.A.P
324,group,Big Mama
323,group,EE
322,group,Asoto Union
321,group,INFINITE F
320,group,Akdong Musician
319,group,Kingston Rudieska
318,group,Daybreak
317,group,W
316,group,10cm
315,group,Kiss&Cry
314,group,Be-Music Phase
313,group,HYPERMESS Recordings
312,group,DGNA
311,group,T.O
310,group,Cosmos
309,group,J Rabbit
308,group,PURFLES
307,group,Jambinai
306,group,GOT7
305,group,Royal Pirates
304,group,Space A
303,group,TRAX
302,group,Shorty Cat
301,group,Hwangtaeji
300,group,Omega 3
299,group,Annyeong Bada
298,group,3rd Line Butterfly
297,group,Dark Mirror ov Tragedy
296,group,Wonder Boyz
295,group,SamulNori
294,group,GD&TOP
293,group,Incheon City Chorale
292,group,LEGEND
291,group,Eutteugeottasi
290,group,T.S.T
289,group,Girl2School
288,group,Donawhale
287,group,Pungdeng-E
286,group,MAD MIND MACHINE
285,group,asceticaudio.
284,group,Trespass
283,group,Asian Chairshot
282,group,Windy City
281,group,badkiz
280,group,49 Morphines
279,group,LUGNASAD
278,group,M.I.B
277,group,...Whatever That Means
276,group,N.EX.T
275,group,envy
274,group,Epitone Project
273,group,Belle Epoque
272,group,Monday Kiz
271,group,two x
270,group,Guckkasten
269,group,Girl Friends
268,group,we hate jh
267,group,BeBop
266,group,밤의 회개
265,group,Legend
264,group,FameUs
263,group,Black Beat
262,group,Oathean
261,group,Sweater
260,group,Wave
259,group,Koyotae
258,group,Daylight
257,group,S.E.S.
256,group,Monni
255,group,honey girls
254,group,Crayon Pop
253,group,SPEED
252,group,EVE
251,group,lush
250,group,iKON
249,group,Tobacco Juice
248,group,DETROITMELTDOWN
247,group,Liaxy
246,group,The Grace Dana&Sunday
245,group,This is Parallel world
244,group,cocore
243,group,"Broccoli, You Too?"
242,group,Aziatix
241,group,OKDAL
240,group,EU GOD G Isn't EU
239,group,S#arp
238,group,TV Yellow
237,group,GADS
236,group,"SeeYa, The"
235,group,SISTAR
234,group,YG Family
233,group,SQUARE PIXELS
232,group,Wings
231,group,SMTOWN
230,group,Clazziquai Project
229,group,Clon
228,group,Super Junior-T
227,group,Supernova
226,group,FlaShe
225,group,ZE:A
224,group,BEAT WIN
223,group,Super Kidd
222,group,MONSTA X
221,group,DAY6
220,group,I And I Djangdan
219,group,C-CLOWN
218,group,Schizo
217,group,LUNAFLY
216,group,coin jackson
215,group,JJ Project
214,group,JJCC
213,group,Jewelry
212,group,LPG
211,group,소유 X 어반자카파
210,group,J-Walk
209,group,M&D
208,group,8eight
207,group,FREEVIS
206,group,Young Turks Club
205,group,No Reply
204,group,Dynamic Duo
203,group,CLC
202,group,디셈버
201,group,FTISLAND
200,group,Risque Rhythm Machine
199,group,엘루이즈
198,group,GOGOBOYS
197,group,M.C the MAX
196,group,Red Velvet
195,group,Sweet Revenge
194,group,V.O.S
193,group,Mad Soul Child
192,group,Nine Muses
191,group,bebop
190,group,디스코트럭
189,group,MAMAMOO
188,group,Bulldog Mansion
187,group,VIXX
186,group,JYP Nation
185,group,Perfume
184,group,Roo'Ra
183,group,Herz Analog
182,group,Jaurim
181,group,LABOUM
180,group,Wonder Girls
179,group,Uniq
178,group,Buzz
177,group,Brown Eyed Soul
176,group,EXO-K
175,group,스카프
174,group,G.Fla
173,group,Boys Republic
172,group,Cherry Filter
171,group,Unit Project HANDAL
170,group,Amateur Amplifier
169,group,15&
168,group,Epik High
167,group,GFRIEND
166,group,JYJ
165,group,Gumx
164,group,Noel
163,group,JQT
162,group,Heritage
161,group,Cats
160,group,PIA
159,group,Origin of Plague
158,group,Goldmund
157,group,Clon
156,group,1TYM
155,group,Retro Games
154,group,Bae Chi Gi
153,group,Peterpan Complex
152,group,EXO
151,group,Goonam
150,group,She'z
149,group,Nonstop Body
148,group,Minx
147,group,M2 Junior
146,group,PosT PANiC
145,group,Drunken Tiger
144,group,EX
143,group,숨[su:m]
142,group,Panic
141,group,Duke
140,group,Funny Powder
139,group,Chamsonyeo
138,group,Dear Cloud
137,group,BOYFRIEND
136,group,Glossy
135,group,Super Junior-K.R.Y.
134,group,mellowyear
133,group,Lay-T
132,group,N.Flying
131,group,gogostar
130,group,Storm
129,group,billion
128,group,ROMEO
127,group,GP Basic
126,group,Chi Chi
125,group,HerSheMerit
124,group,Kvell
123,group,Loquence
122,group,Peppertones
121,group,"Moonshiners, The"
120,group,Infinite Flow
119,group,Aquibird
118,group,100% V
117,group,Tohoshinki
116,group,f1rst
115,group,Swallow
114,group,Homme
113,group,ZzzAam
112,group,Huckleberry Finn
111,group,Loro's
110,group,Pippi Longstocking
109,group,Juck Juck Grunzie
108,group,ARK
107,group,EvoL
106,group,VNT
105,group,Joa Band
104,group,URD
103,group,LU:KUS
102,group,Shin Jung Hyun & The Donkeys
101,group,Dal shabet
100,group,Sanullim
99,group,Girls’ Generation
98,group,Sugar
97,group,BEAST
96,group,Busker Busker
95,group,miss A
94,group,Funkafric & BoostDah
93,group,Crost Ensemble
92,group,PURETTY
91,group,Master4
90,group,agirls
89,group,SONAMOO
88,group,Typhoon
87,group,nep
86,group,Geeks
85,group,Adultchild
84,group,Lip Service
83,group,Shinhwa
82,group,Ye.A
81,group,Jinusean
80,group,Illumina
79,group,바닐라 유니티 (Vanilla Unity)
78,group,2BiC
77,group,Mighty Mouth
76,group,Apparition
75,group,BTL
74,group,Cleo
73,group,Blue 'Sorbet
72,group,SPICA
71,group,walking after you
70,group,Page
69,group,BLAST
68,group,티라미스
67,group,Swi.T
66,group,bikiny
65,group,Stellar
64,group,S.I.D-Sound
63,group,Xenos-5
62,group,Turtles
